,Unnamed: 0,id,author_screen_name,author_id,body,permalink,created_utc,subreddit_name_prefixed,created_utc_string,label,prob,to_message_flag
0,0,johd6uk,Btravelen,t2_13bdx64x,"Because his friends, neighbors and family were 'doing this'",/r/Liberal/comments/14btu28/a_white_supremacist_took_mdma_for_a_study_and_it/johd6uk/,1687017356.0,r/Liberal,"Saturday, June 17, 2023, at 11:55:56 PM",0,0.03424374,1
1,1,johm4gg,Just_Another_Jim,t2_8m4r37sa,I honestly am now intrigued on MDMA and the effect it can have on a variety of mental illnesses.,/r/Liberal/comments/14btu28/a_white_supremacist_took_mdma_for_a_study_and_it/johm4gg/,1687021506.0,r/Liberal,"Sunday, June 18, 2023, at 01:05:06 AM",0,0.0005758434,0
2,2,johmoxt,rucb_alum,t2_jjdgf,If only ending racial supremacist flapdoodle was to get them high on Molly...,/r/Liberal/comments/14btu28/a_white_supremacist_took_mdma_for_a_study_and_it/johmoxt/,1687021766.0,r/Liberal,"Sunday, June 18, 2023, at 01:09:26 AM",1,0.9835936,1
3,3,joic1qg,tshawkins,t2_hsl7g,Sounds like a good argument for dosing everybody with mdma at 18. Maybe put it into Diet Coke.,/r/Liberal/comments/14btu28/a_white_supremacist_took_mdma_for_a_study_and_it/joic1qg/,1687033663.0,r/Liberal,"Sunday, June 18, 2023, at 04:27:43 AM",0,0.00039586623,1
4,4,johufhw,Tokeokarma123,t2_4kcn47c4,I used to take MDMA I'm 1996-2002 when I would go out. But my brother and sister used to to try to get me to take it. When I finally did it was one of the best experiences I've had. I think all couples should try it atleast once. I never found it addictive. And your just loving. You really enjoy music...and I leave it at that. But I can completely understand why he changed his mind.,/r/Liberal/comments/14btu28/a_white_supremacist_took_mdma_for_a_study_and_it/johufhw/,1687025347.0,r/Liberal,"Sunday, June 18, 2023, at 02:09:07 AM",0,0.47517094,0
5,5,johlym8,Claque-2,t2_vl5fyxj,"People get addicted to hate because the hormones released in a rage are fight or flight, and make people feel more powerful and alive in the moment. Regular exercise will have the same effect but hey, why judge?",/r/Liberal/comments/14btu28/a_white_supremacist_took_mdma_for_a_study_and_it/johlym8/,1687021431.0,r/Liberal,"Sunday, June 18, 2023, at 01:03:51 AM",0,0.0005075938,0
6,6,joj0p79,megaplex00,t2_4m0yj237,When you get the stupid snapped out of you.,/r/Liberal/comments/14btu28/a_white_supremacist_took_mdma_for_a_study_and_it/joj0p79/,1687045761.0,r/Liberal,"Sunday, June 18, 2023, at 07:49:21 AM",0,0.0004257827,1
7,7,joj1fi3,awoodby,t2_4owo1,Empathogenic effects for the win.,/r/Liberal/comments/14btu28/a_white_supremacist_took_mdma_for_a_study_and_it/joj1fi3/,1687046144.0,r/Liberal,"Sunday, June 18, 2023, at 07:55:44 AM",0,0.0009634877,0
8,8,joj5qp6,ciaran036,t2_3cux3,"> MDMA has, for instance, been used by the Taliban to channel connection to the divine during prayer chants, according to Nuwer.

ok",/r/Liberal/comments/14btu28/a_white_supremacist_took_mdma_for_a_study_and_it/joj5qp6/,1687048440.0,r/Liberal,"Sunday, June 18, 2023, at 08:34:00 AM",1,0.992704,1
9,9,joj76t5,Far-Adagio-7375,t2_lowdc43m,"I’d love to see the study. While I’d like to beleive this, we in the left need to always demand facts or we’re just as bad as the right and their nonsense.",/r/Liberal/comments/14btu28/a_white_supremacist_took_mdma_for_a_study_and_it/joj76t5/,1687049234.0,r/Liberal,"Sunday, June 18, 2023, at 08:47:14 AM",1,0.95731515,1
10,10,jog9tqv,sauveterrian,t2_xi7voay,Easily done to be honest. God save the King doesn't come naturally after 70 years of saying God save the Queen.,/r/Liberal/comments/14blp2e/biden_causes_confusion_after_signing_off_speech/jog9tqv/,1686992800.0,r/Liberal,"Saturday, June 17, 2023, at 05:06:40 PM",0,0.057382554,1
11,11,jogy49d,Saturngirl2021,t2_h46xgual,"The White House Principal Deputy Press Secretary, Olivia Dalton, later responded to reporters by saying the president was ""commenting to someone in the crowd"".",/r/Liberal/comments/14blp2e/biden_causes_confusion_after_signing_off_speech/jogy49d/,1687010009.0,r/Liberal,"Saturday, June 17, 2023, at 09:53:29 PM",0,0.00035742848,1
12,12,jogvz6o,behindmyscreen,t2_3myvyeja,He was talking directly to someone in the crowd,/r/Liberal/comments/14blp2e/biden_causes_confusion_after_signing_off_speech/jogvz6o/,1687008863.0,r/Liberal,"Saturday, June 17, 2023, at 09:34:23 PM",0,0.008700039,1
13,13,jogd1u7,wabashcanonball,t2_57zro69n,It’s pride month!,/r/Liberal/comments/14blp2e/biden_causes_confusion_after_signing_off_speech/jogd1u7/,1686995774.0,r/Liberal,"Saturday, June 17, 2023, at 05:56:14 PM",0,0.120832235,0
14,14,joga8ao,MrGurdjieff,t2_3ttdys78,"""in South London, black kids use the phrase 'God save the Queen!' to mean far out or cool.""",/r/Liberal/comments/14blp2e/biden_causes_confusion_after_signing_off_speech/joga8ao/,1686993176.0,r/Liberal,"Saturday, June 17, 2023, at 05:12:56 PM",0,0.17974828,1
15,15,jog8aas,AnalSexWithYourSon,t2_76czbe15a,Shouldn't be behind a paywall but if it is here's an archive link https://archive.is/GSdi2,/r/Liberal/comments/14blp2e/biden_causes_confusion_after_signing_off_speech/jog8aas/,1686991418.0,r/Liberal,"Saturday, June 17, 2023, at 04:43:38 PM",0,0.0007977282,0
16,16,joh1kfh,Desperate_Wafer_8566,t2_stmqxj0v,Apparently the media is so desperate to attack Biden they can't take a joke. Who....cares.,/r/Liberal/comments/14blp2e/biden_causes_confusion_after_signing_off_speech/joh1kfh/,1687011786.0,r/Liberal,"Saturday, June 17, 2023, at 10:23:06 PM",0,0.0070753363,0
17,17,joh217g,calindor,t2_6b29t,"I once hung up the phone with my boss by saying "" I love you"" I can relate to this ""brain fart""",/r/Liberal/comments/14blp2e/biden_causes_confusion_after_signing_off_speech/joh217g/,1687012019.0,r/Liberal,"Saturday, June 17, 2023, at 10:26:59 PM",1,0.9974982,1
18,18,jogvuar,Lukey_Boyo,t2_9w60dcsx,Man I do it too it’s not that deep lol,/r/Liberal/comments/14blp2e/biden_causes_confusion_after_signing_off_speech/jogvuar/,1687008790.0,r/Liberal,"Saturday, June 17, 2023, at 09:33:10 PM",0,0.044231668,1
19,19,joj1iqg,Itchy-Mechanic-1479,t2_575wz0bd,"Well, it is Pride Month. And drag queens are certainly under threat as of late, along with the rest of the LGTBQ community. God save the drag queens!",/r/Liberal/comments/14blp2e/biden_causes_confusion_after_signing_off_speech/joj1iqg/,1687046192.0,r/Liberal,"Sunday, June 18, 2023, at 07:56:32 AM",1,0.99785507,1
20,20,joeg4cr,Btravelen,t2_13bdx64x,Moronic name for a tRump lawyer..,/r/Liberal/comments/14azqjb/trump_attorney_quits_another_case_cites/joeg4cr/,1686951704.0,r/Liberal,"Saturday, June 17, 2023, at 05:41:44 AM",1,0.98482114,1
21,21,joejzte,tukekairo,t2_g8rc9,Trusty has realized Trump is in fact a racist Hitler,/r/Liberal/comments/14azqjb/trump_attorney_quits_another_case_cites/joejzte/,1686953707.0,r/Liberal,"Saturday, June 17, 2023, at 06:15:07 AM",1,0.95015955,1
22,22,joe1evy,oced2001,t2_3ocqb,"Rats and sinking ships.

How long before he turns on these guys?",/r/Liberal/comments/14azqjb/trump_attorney_quits_another_case_cites/joe1evy/,1686944935.0,r/Liberal,"Saturday, June 17, 2023, at 03:48:55 AM",1,0.6717426,1
23,23,jofkk25,Rental_Car,t2_48jy32ol,Fun fact if Trump doesn't pay him he doesn't have to keep his attorney client otherwise privilege conversations secret anymore.,/r/Liberal/comments/14azqjb/trump_attorney_quits_another_case_cites/jofkk25/,1686973106.0,r/Liberal,"Saturday, June 17, 2023, at 11:38:26 AM",0,0.0015117849,1
24,24,joernvs,im_in_stitches,t2_4oif3,"Let me just whip out my Trusty lawyer and we will see who’s boss. Go get ‘em Trusty lawyer, Trusty? Has anyone seen my Trusty lawyer?",/r/Liberal/comments/14azqjb/trump_attorney_quits_another_case_cites/joernvs/,1686957555.0,r/Liberal,"Saturday, June 17, 2023, at 07:19:15 AM",1,0.7745085,1
25,25,jofpngo,andysay,t2_4bkps,"Are these attorney departures consequential, or routine? I remember this being an issue with his impeachment, but there will always be the Alan Dershowitz's to pick up any corrupt client. And how big are these legal teams, anyways?",/r/Liberal/comments/14azqjb/trump_attorney_quits_another_case_cites/jofpngo/,1686976403.0,r/Liberal,"Saturday, June 17, 2023, at 12:33:23 PM",0,0.0004159856,0
