_listing_use_sort,name,_fetched,is_employee,is_friend,snoovatar_size,awardee_karma,id,verified,is_gold,is_mod,awarder_karma,has_verified_email,icon_img,hide_from_robots,link_karma,pref_show_snoovatar,is_blocked,total_karma,accept_chats,created,created_utc,snoovatar_img,comment_karma,accept_followers,has_subscribed,accept_pms,synctimestamp,created_utc_string
True,Tenderloin66,True,False,False,"[380, 600]",110,vxd0wzyb,True,False,False,0,True,"https://styles.redditmedia.com/t5_7xdn6y/styles/profileIcon_snooac976847-734c-4952-bebb-7cd5ccd13f3d-headshot.png?width=256&height=256&crop=256:256,smart&s=36a2dc00dd08c661a70db9292902772da84b059d",True,7,False,False,16875,False,1676591494.0,1676591494.0,https://i.redd.it/snoovatar/avatars/ac976847-734c-4952-bebb-7cd5ccd13f3d.png,16758,False,True,True,2023-10-05T15:19:49.619984,"Friday, February 17, 2023, at 07:51:34 AM"
True,mgraydpt,True,False,False,,0,f1adwfx,True,False,False,0,True,https://www.redditstatic.com/avatars/defaults/v2/avatar_default_5.png,True,5,False,False,1054,False,1506606755.0,1506606755.0,,1049,False,True,True,2023-10-05T15:19:50.001197,"Thursday, September 28, 2017, at 09:52:35 PM"
True,Ferelar,True,False,False,,1834,jj37y,True,False,True,0,True,https://www.redditstatic.com/avatars/defaults/v2/avatar_default_6.png,True,7830,False,False,688987,False,1416662776.0,1416662776.0,,679323,False,True,True,2023-10-05T15:19:50.409815,"Saturday, November 22, 2014, at 09:26:16 PM"
True,Barrel-rider,True,False,False,,520,5yi90,True,False,True,19,True,https://www.redditstatic.com/avatars/defaults/v2/avatar_default_4.png,False,6109,False,False,66826,False,1317428555.0,1317428555.0,,60178,True,True,True,2023-10-05T15:19:50.795634,"Saturday, October 01, 2011, at 08:22:35 AM"
True,davesro34,True,False,False,,61,pmqos,True,False,False,336,True,https://www.redditstatic.com/avatars/defaults/v2/avatar_default_4.png,False,108,False,False,3671,False,1439842483.0,1439842483.0,,3166,True,True,True,2023-10-05T15:19:51.192980,"Tuesday, August 18, 2015, at 04:14:43 AM"
True,GHOST_OF_THE_GODDESS,True,False,False,"[380, 600]",0,drasoy2bk,True,False,False,0,True,"https://styles.redditmedia.com/t5_99wfom/styles/profileIcon_snooa037d9a3-ea6f-4546-b98c-fd0c6f2058d1-headshot.png?width=256&height=256&crop=256:256,smart&s=00eb3b83e64131704208d91acd88ef66fd8a096c",False,1,False,False,16385,False,1694127034.0,1694127034.0,https://i.redd.it/snoovatar/avatars/a037d9a3-ea6f-4546-b98c-fd0c6f2058d1.png,16384,True,True,True,2023-10-05T15:19:52.323545,"Friday, September 08, 2023, at 06:50:34 AM"
True,Merusk,True,False,False,,280,8tepj,True,False,False,21,True,https://www.redditstatic.com/avatars/defaults/v2/avatar_default_7.png,True,185,False,False,42002,False,1346177002.0,1346177002.0,,41516,True,True,True,2023-10-05T15:19:52.711835,"Wednesday, August 29, 2012, at 02:03:22 AM"
True,rugonnaeatthatpickle,True,False,False,,18,3nx2ypfz,True,False,False,0,True,https://www.redditstatic.com/avatars/defaults/v2/avatar_default_7.png,False,131,False,False,403,False,1556238307.0,1556238307.0,,254,True,True,True,2023-10-05T15:19:53.105829,"Friday, April 26, 2019, at 08:25:07 AM"
True,Cainderous,True,False,False,,396,14c5cv,True,False,False,14,True,"https://styles.redditmedia.com/t5_cajzw/styles/profileIcon_5jtokssqnlea1.jpg?width=256&height=256&crop=256:256,smart&s=6ede8bd7512f9fa7e82832e0821da9b5c12bc042",True,46,False,False,59699,False,1484111519.0,1484111519.0,,59243,False,True,True,2023-10-05T15:19:54.228875,"Wednesday, January 11, 2017, at 01:11:59 PM"
True,6r1n3i19,True,False,False,,22476,su3w8,True,True,True,227693,True,"https://styles.redditmedia.com/t5_cxqiy/styles/profileIcon_o4iy1wh3zkp71.jpg?width=256&height=256&crop=256:256,smart&s=78e724b4097ce142888fa3b82bf3702183c59744",True,25428,False,False,385593,False,1449766365.0,1449766365.0,,109996,False,True,True,2023-10-05T15:19:54.618558,"Friday, December 11, 2015, at 12:52:45 AM"
True,kanst,True,False,False,,1401,4an98,True,False,False,159,True,https://www.redditstatic.com/avatars/defaults/v2/avatar_default_4.png,False,511,False,False,451901,False,1283200828.0,1283200828.0,,449830,True,True,True,2023-10-05T15:19:57.309995,"Tuesday, August 31, 2010, at 04:40:28 AM"
True,Justsomejerkonline,True,False,False,,361,148ljt,True,False,False,163,True,https://www.redditstatic.com/avatars/defaults/v2/avatar_default_1.png,True,3455,False,False,60064,False,1483829552.0,1483829552.0,,56085,True,True,True,2023-10-05T15:19:57.687194,"Sunday, January 08, 2017, at 06:52:32 AM"
True,Omophorus,True,False,False,"[380, 600]",5917,almdq,True,False,True,293,True,"https://styles.redditmedia.com/t5_1vozji/styles/profileIcon_snoo-nftv2_bmZ0X2VpcDE1NToxMzdfNDY2YTMzMDg4N2JkZjYyZDUzZjk2OGVhODI0NzkzMTUwZjA3NzYyZV81NTE5OA_rare_c09ea3c0-f9ce-42fd-bc8c-d2d7534a1ff8-headshot.png?width=256&height=256&crop=256:256,smart&s=b9ccdc6e0e9f404a014fcf3f754001aa90ff14f3",True,878,False,False,143060,False,1360866362.0,1360866362.0,https://i.redd.it/snoovatar/avatars/nftv2_bmZ0X2VpcDE1NToxMzdfNDY2YTMzMDg4N2JkZjYyZDUzZjk2OGVhODI0NzkzMTUwZjA3NzYyZV81NTE5OA_rare_c09ea3c0-f9ce-42fd-bc8c-d2d7534a1ff8.png,135972,False,True,True,2023-10-05T15:19:58.105497,"Friday, February 15, 2013, at 02:26:02 AM"
True,NutellaDeVil,True,False,False,"[380, 600]",206,3xphlu1w,True,False,False,30,True,"https://styles.redditmedia.com/t5_137mm7/styles/profileIcon_snoob2029b0b-0cf0-4ac8-8348-11ef89b5c2d1-headshot.png?width=256&height=256&crop=256:256,smart&s=becb0a89f63c313efc3131a0a3959f50125726f3",True,7817,False,False,33044,False,1560398694.0,1560398694.0,https://i.redd.it/snoovatar/avatars/b2029b0b-0cf0-4ac8-8348-11ef89b5c2d1.png,24991,False,True,True,2023-10-05T15:19:58.496625,"Thursday, June 13, 2019, at 12:04:54 PM"
True,Eeeeeeeeeeeeem,True,False,False,"[380, 600]",18,4dj2x6zm,True,False,False,0,True,"https://styles.redditmedia.com/t5_23k76k/styles/profileIcon_snoo-nftv2_bmZ0X2VpcDE1NToxMzdfYzhkM2EzYTgzYmRlNWRhZDA2ZDQzNjY5NGUzZTIyYWMzZTY0ZDU3N181MDA5ODM0_rare_e4786e0d-6a5f-4be1-9ce0-1c32fc3cef3c-headshot.png?width=256&height=256&crop=256:256,smart&s=cb03a76e9c496b7a7a60626e5fa590fc0d7da030",False,705,False,False,881,False,1566486189.0,1566486189.0,https://i.redd.it/snoovatar/avatars/nftv2_bmZ0X2VpcDE1NToxMzdfYzhkM2EzYTgzYmRlNWRhZDA2ZDQzNjY5NGUzZTIyYWMzZTY0ZDU3N181MDA5ODM0_rare_e4786e0d-6a5f-4be1-9ce0-1c32fc3cef3c.png,158,True,True,True,2023-10-05T15:19:58.927937,"Thursday, August 22, 2019, at 11:03:09 PM"
True,hollimer,True,False,False,,810,35j0t,True,False,False,60,True,https://www.redditstatic.com/avatars/defaults/v2/avatar_default_5.png,True,932,False,False,104428,False,1211746806.0,1211746806.0,,102626,False,True,True,2023-10-05T15:19:59.370106,"Monday, May 26, 2008, at 04:20:06 AM"
True,CrazyCoKids,True,False,False,"[380, 600]",2193,f3ymr,True,False,False,0,True,"https://styles.redditmedia.com/t5_aw3jt/styles/profileIcon_snoo75632652-3b29-4207-99d1-ecaecd946925-headshot.png?width=256&height=256&crop=256:256,smart&s=ef755cf0aa6b55ffa36cbb4d42101fbf3923e3ef",False,87319,False,False,246888,False,1391467152.0,1391467152.0,https://i.redd.it/snoovatar/avatars/75632652-3b29-4207-99d1-ecaecd946925.png,157376,True,True,True,2023-10-05T15:19:59.786709,"Tuesday, February 04, 2014, at 06:39:12 AM"
True,SonOfMcGee,True,False,False,,4393,2fvfe503,True,False,False,0,True,https://www.redditstatic.com/avatars/defaults/v2/avatar_default_3.png,False,1173,False,False,314163,False,1539961771.0,1539961771.0,,308597,True,True,True,2023-10-05T15:20:00.187593,"Friday, October 19, 2018, at 11:09:31 PM"
True,iambecomesoil,True,False,False,"[380, 600]",438,4xarp69w,True,False,False,8,True,"https://styles.redditmedia.com/t5_27n4ns/styles/profileIcon_snoo9c171f7e-d036-42d8-8a4a-bbc89b2d80f4-headshot.png?width=256&height=256&crop=256:256,smart&s=8b5d8306c940fdc4244fbc5fdb089b96592b6a1a",False,978,False,False,52103,False,1572635665.0,1572635665.0,https://i.redd.it/snoovatar/avatars/9c171f7e-d036-42d8-8a4a-bbc89b2d80f4.png,50679,True,True,True,2023-10-05T15:20:01.099560,"Saturday, November 02, 2019, at 03:14:25 AM"
True,Jengalover,True,False,False,"[380, 600]",207,aaa37,True,False,True,0,True,"https://styles.redditmedia.com/t5_d1yot/styles/profileIcon_snoo-nftv2_bmZ0X2VpcDE1NToxMzdfYjljMDQyYzMyNzViYzQ5Nzk5Njg4ZWVhMWEyOWIxNDA1ZDAyOTQ2Yl8xOTc2Nzc_rare_90ddfb59-0caa-4709-a5b4-9ae4d91d36ea-headshot.png?width=256&height=256&crop=256:256,smart&s=a9f52a9262315ec5effd69502efe820f3dd7ec08",True,382,False,False,26853,False,1358597850.0,1358597850.0,https://i.redd.it/snoovatar/avatars/nftv2_bmZ0X2VpcDE1NToxMzdfYjljMDQyYzMyNzViYzQ5Nzk5Njg4ZWVhMWEyOWIxNDA1ZDAyOTQ2Yl8xOTc2Nzc_rare_90ddfb59-0caa-4709-a5b4-9ae4d91d36ea.png,26264,True,True,True,2023-10-05T15:20:04.537313,"Saturday, January 19, 2013, at 08:17:30 PM"
True,Old_Sun4688,True,False,False,"[380, 600]",55,buqjyc0o,True,False,False,0,True,"https://styles.redditmedia.com/t5_4c0tof/styles/profileIcon_snoo8e7ee029-fd1a-4ba1-98ce-7163a5195794-headshot-f.png?width=256&height=256&crop=256:256,smart&s=0cc232350d47ee894af51117805460e21b1cbe04",False,18,False,False,2304,False,1619786071.0,1619786071.0,https://i.redd.it/snoovatar/avatars/8e7ee029-fd1a-4ba1-98ce-7163a5195794.png,2231,True,True,True,2023-10-05T15:20:05.480849,"Friday, April 30, 2021, at 08:34:31 PM"
True,SomethingIWontRegret,True,False,False,,1960,itu6o,True,False,True,103,True,https://www.redditstatic.com/avatars/defaults/v2/avatar_default_0.png,True,25698,False,False,474475,False,1413159555.0,1413159555.0,,446714,True,True,True,2023-10-05T15:20:06.638332,"Monday, October 13, 2014, at 08:19:15 AM"
True,tim_the_enchantr,True,False,False,"[380, 600]",60,5n073szd,True,False,False,0,False,"https://styles.redditmedia.com/t5_2ewxoe/styles/profileIcon_snoo8e0ab463-dd59-45f1-927f-42a4cdc32854-headshot.png?width=256&height=256&crop=256:256,smart&s=016055cfc71101941bba983d82baaf9e766e7f28",False,3,False,False,1978,False,1581209147.0,1581209147.0,https://i.redd.it/snoovatar/avatars/8e0ab463-dd59-45f1-927f-42a4cdc32854.png,1915,True,True,True,2023-10-05T15:20:07.540932,"Sunday, February 09, 2020, at 08:45:47 AM"
True,Various-Air-7240,True,False,False,,0,2zjxh1o8,True,False,False,0,True,https://www.redditstatic.com/avatars/defaults/v2/avatar_default_0.png,False,590,False,False,1781,False,1614354146.0,1614354146.0,,1191,True,True,True,2023-10-05T15:20:08.487890,"Friday, February 26, 2021, at 11:42:26 PM"
True,PaulSandwich,True,False,False,"[380, 600]",257,x2wqm,True,False,False,8,False,"https://styles.redditmedia.com/t5_d7j68/styles/profileIcon_snoo94e84aa0-e9c5-48f0-b622-a6b0104457b5-headshot.png?width=256&height=256&crop=256:256,smart&s=ee264230bea14a4cda56026a05cc501c09462949",True,610,False,False,61904,False,1460379127.0,1460379127.0,https://i.redd.it/snoovatar/avatars/94e84aa0-e9c5-48f0-b622-a6b0104457b5.png,61029,True,True,True,2023-10-05T15:20:10.534687,"Monday, April 11, 2016, at 08:52:07 PM"
True,Broad_Judgment_523,True,False,False,"[380, 600]",0,be98vmqp,True,False,True,0,True,"https://styles.redditmedia.com/t5_704m3n/styles/profileIcon_snoo0498fd59-4852-4e9d-ae0f-4ed07a29856f-headshot.png?width=256&height=256&crop=256:256,smart&s=f5d8450e080c937ac015911892d9922456e3ccdb",False,381,False,False,1753,False,1662577561.0,1662577561.0,https://i.redd.it/snoovatar/avatars/0498fd59-4852-4e9d-ae0f-4ed07a29856f.png,1372,True,True,True,2023-10-05T15:20:11.447375,"Thursday, September 08, 2022, at 03:06:01 AM"
True,Most-Resident,True,False,False,,222,5hd1n2xu,True,False,False,0,True,https://www.redditstatic.com/avatars/defaults/v2/avatar_default_2.png,False,1,False,False,48010,False,1580345991.0,1580345991.0,,47787,True,True,True,2023-10-05T15:20:13.013909,"Thursday, January 30, 2020, at 08:59:51 AM"
True,DonsDiaperIsFull,True,False,False,"[380, 600]",236,r6epbo28,True,False,False,13,False,"https://styles.redditmedia.com/t5_6udru9/styles/profileIcon_snoo8f6c3a68-c4e5-4c47-a3ef-12a45c62cf5d-headshot.png?width=256&height=256&crop=256:256,smart&s=e0933612dcdaf78a2df43ddabb6b29d278b86bb3",False,1,False,False,54298,False,1660053104.0,1660053104.0,https://i.redd.it/snoovatar/avatars/8f6c3a68-c4e5-4c47-a3ef-12a45c62cf5d.png,54048,True,True,True,2023-10-05T15:20:14.548851,"Tuesday, August 09, 2022, at 09:51:44 PM"
True,Glycell,True,False,False,"[380, 600]",15,103ht8,True,False,False,0,True,"https://styles.redditmedia.com/t5_ei8mq/styles/profileIcon_snoo880c4391-bece-4e95-87da-0a3b98904533-headshot.png?width=256&height=256&crop=256:256,smart&s=83dda93c2c27db240c39fb3c28d087e4400885bd",False,298,False,False,9815,False,1470243102.0,1470243102.0,https://i.redd.it/snoovatar/avatars/880c4391-bece-4e95-87da-0a3b98904533.png,9502,True,True,True,2023-10-05T15:20:17.696545,"Thursday, August 04, 2016, at 12:51:42 AM"
True,metengrinwi,True,False,False,,853,vn4n524,True,False,False,0,True,https://www.redditstatic.com/avatars/defaults/v2/avatar_default_4.png,False,162,False,False,124541,False,1517887119.0,1517887119.0,,123526,True,True,True,2023-10-05T15:20:18.590161,"Tuesday, February 06, 2018, at 11:18:39 AM"
True,MegaLowDawn123,True,False,False,,55,fm93unsxb,True,False,False,0,False,https://www.redditstatic.com/avatars/defaults/v2/avatar_default_7.png,True,1,False,False,12570,False,1689549379.0,1689549379.0,,12514,True,True,True,2023-10-05T15:20:20.483140,"Monday, July 17, 2023, at 07:16:19 AM"
True,thiosk,True,False,False,"[380, 600]",11113,3uo02,True,False,True,1023,True,"https://styles.redditmedia.com/t5_215x8s/styles/profileIcon_snoo3523f1a1-5f7f-4ae8-85b6-a52c40744621-headshot.png?width=256&height=256&crop=256:256,smart&s=285fec66dca7fd4cc9aff954d1b9f4454e6ca4b0",False,21837,False,False,917422,False,1264664100.0,1264664100.0,https://i.redd.it/snoovatar/avatars/3523f1a1-5f7f-4ae8-85b6-a52c40744621.png,883449,True,True,True,2023-10-05T15:20:23.631175,"Thursday, January 28, 2010, at 03:35:00 PM"
True,catmoon,True,False,False,,653,3ltos,True,False,True,25,True,https://www.redditstatic.com/avatars/defaults/v2/avatar_default_4.png,False,6645,False,False,456457,False,1251404468.0,1251404468.0,,449134,True,True,True,2023-10-05T15:20:25.485422,"Friday, August 28, 2009, at 04:21:08 AM"
True,ioncloud9,True,False,False,"[380, 600]",2587,6iig0,True,False,False,61,True,"https://styles.redditmedia.com/t5_dk1cn/styles/profileIcon_snoo-nftv2_bmZ0X2VpcDE1NToxMzdfNDY2YTMzMDg4N2JkZjYyZDUzZjk2OGVhODI0NzkzMTUwZjA3NzYyZV8zNDExNTY_rare_2697d6f1-ba84-41b5-97bd-b994c7d3aabe-headshot.png?width=256&height=256&crop=256:256,smart&s=b08daa42a8a549ff5031ce262c9a8946f4278881",True,13696,False,False,554666,False,1324871960.0,1324871960.0,https://i.redd.it/snoovatar/avatars/nftv2_bmZ0X2VpcDE1NToxMzdfNDY2YTMzMDg4N2JkZjYyZDUzZjk2OGVhODI0NzkzMTUwZjA3NzYyZV8zNDExNTY_rare_2697d6f1-ba84-41b5-97bd-b994c7d3aabe.png,538322,False,True,True,2023-10-05T15:20:26.366895,"Monday, December 26, 2011, at 11:59:20 AM"
True,GiGaBYTEme90,True,False,False,"[380, 600]",9966,3u999d53,True,False,True,4391,True,"https://styles.redditmedia.com/t5_12261p/styles/profileIcon_snoob0ef166a-4aef-42ad-ad71-f6229c6568bd-headshot.png?width=256&height=256&crop=256:256,smart&s=8e48694b2d7816d189ee6e6a8d3d086c0e5447d4",True,4279,False,False,941840,False,1558922076.0,1558922076.0,https://i.redd.it/snoovatar/avatars/b0ef166a-4aef-42ad-ad71-f6229c6568bd.png,923204,True,True,True,2023-10-05T15:20:27.312592,"Monday, May 27, 2019, at 09:54:36 AM"
True,007meow,True,False,False,"[380, 600]",3076,qyqdk,True,False,False,118,True,"https://styles.redditmedia.com/t5_d2qbn/styles/profileIcon_snood359420e-e298-4e4c-b229-d15cb4413e7c-headshot.png?width=256&height=256&crop=256:256,smart&s=878c6a6a73f0211c3ee14b3c35b5b49441a1a06b",True,16935,False,False,958708,False,1444084740.0,1444084740.0,https://i.redd.it/snoovatar/avatars/d359420e-e298-4e4c-b229-d15cb4413e7c.png,938579,False,True,True,2023-10-05T15:20:28.216542,"Tuesday, October 06, 2015, at 06:39:00 AM"
True,rat-sajak,True,False,False,,48,4qvcboj4,True,False,False,0,True,https://www.redditstatic.com/avatars/defaults/v2/avatar_default_0.png,False,127,False,False,34301,False,1573449300.0,1573449300.0,,34126,True,True,True,2023-10-05T15:20:29.105013,"Monday, November 11, 2019, at 01:15:00 PM"
True,Misstheiris,True,False,False,,168,cd2qdwx1s,True,False,False,0,False,https://www.redditstatic.com/avatars/defaults/v2/avatar_default_0.png,False,438,False,False,40137,False,1685444702.0,1685444702.0,,39531,True,True,True,2023-10-05T15:20:31.484550,"Tuesday, May 30, 2023, at 07:05:02 PM"
True,Sweatier_Scrotums,True,False,False,"[380, 600]",2158,vfd64344,True,False,False,241,True,"https://styles.redditmedia.com/t5_7pu92n/styles/profileIcon_snoof9e7bde4-8870-4598-8358-d8485de413d6-headshot.png?width=256&height=256&crop=256:256,smart&s=903a741c5beb9565b9c6416fbcb05f96e8a4a0d4",False,830,False,False,421098,False,1672949744.0,1672949744.0,https://i.redd.it/snoovatar/avatars/f9e7bde4-8870-4598-8358-d8485de413d6.png,417869,True,True,True,2023-10-05T15:20:32.377760,"Friday, January 06, 2023, at 04:15:44 AM"
True,knightcrawler75,True,False,False,"[380, 600]",10,4egw1,True,False,False,0,True,"https://styles.redditmedia.com/t5_c7kys/styles/profileIcon_snoofe6d4bc1-bb16-4c26-97ea-8721127309c0-headshot.png?width=256&height=256&crop=256:256,smart&s=942cd55fc6c956a8d346f5cf8f3e6bf02e705be4",False,9,False,False,60091,False,1286213833.0,1286213833.0,https://i.redd.it/snoovatar/avatars/fe6d4bc1-bb16-4c26-97ea-8721127309c0.png,60072,True,True,True,2023-10-05T15:20:33.266162,"Tuesday, October 05, 2010, at 01:37:13 AM"
True,KlammyHammy,True,False,False,"[380, 600]",0,w33ld958,True,False,False,0,True,"https://styles.redditmedia.com/t5_80detw/styles/profileIcon_snoo22fb00f0-3efc-45a1-8ebc-e6643a465269-headshot.png?width=256&height=256&crop=256:256,smart&s=4020d33e2e6279871c77a72d82845af92455c798",True,1,False,False,2399,False,1677977757.0,1677977757.0,https://i.redd.it/snoovatar/avatars/22fb00f0-3efc-45a1-8ebc-e6643a465269.png,2398,True,True,True,2023-10-05T15:20:34.148839,"Sunday, March 05, 2023, at 08:55:57 AM"
True,Rulweylan,True,False,False,"[380, 600]",1000,3vz8aeq,True,False,False,82,True,"https://styles.redditmedia.com/t5_7l7u6/styles/profileIcon_snoo1a6ee0f9-c9fb-4c14-9f4e-454f0bb8f2d9-headshot.png?width=256&height=256&crop=256:256,smart&s=ff58cc36d5584e9337ca78d034710f6c101eaa59",False,2497,False,False,271333,False,1497304094.0,1497304094.0,https://i.redd.it/snoovatar/avatars/1a6ee0f9-c9fb-4c14-9f4e-454f0bb8f2d9.png,267754,True,True,True,2023-10-05T15:20:38.192306,"Tuesday, June 13, 2017, at 05:48:14 AM"
True,Shaper_pmp,True,False,False,,4182,1vzs,True,False,True,67,True,https://www.redditstatic.com/avatars/defaults/v2/avatar_default_0.png,False,1556,False,False,579914,False,1138282587.0,1138282587.0,,574109,True,True,True,2023-10-05T15:20:39.090592,"Thursday, January 26, 2006, at 09:36:27 PM"
True,worstatit,True,False,False,"[380, 600]",84,a9l9dnez,True,False,False,0,True,"https://styles.redditmedia.com/t5_3xmfun/styles/profileIcon_snooafec1c92-44ed-4a52-8560-ad74194027c7-headshot.png?width=256&height=256&crop=256:256,smart&s=01d1f470975910cc052fd2ebf70ba2cb885d57c6",False,1,False,False,29482,False,1612910500.0,1612910500.0,https://i.redd.it/snoovatar/avatars/afec1c92-44ed-4a52-8560-ad74194027c7.png,29397,True,True,True,2023-10-05T15:20:39.982483,"Wednesday, February 10, 2021, at 06:41:40 AM"
True,coolcool23,True,False,False,"[380, 600]",2465,53o9y,True,False,False,246,True,"https://styles.redditmedia.com/t5_dn4xv/styles/profileIcon_snooccde5c51-30fb-44f9-a6a1-60feaf8dc797-headshot.png?width=256&height=256&crop=256:256,smart&s=394f8c052f82349a9b92807ad9fb2a1268db71c3",True,883,False,False,464546,False,1302757291.0,1302757291.0,https://i.redd.it/snoovatar/avatars/ccde5c51-30fb-44f9-a6a1-60feaf8dc797.png,460952,True,True,True,2023-10-05T15:20:41.352412,"Thursday, April 14, 2011, at 01:01:31 PM"
True,9ersaur,True,False,False,,579,92www,True,False,False,0,True,https://www.redditstatic.com/avatars/defaults/v2/avatar_default_0.png,False,4005,False,False,58630,False,1348239124.0,1348239124.0,,54046,True,True,True,2023-10-05T15:20:42.219607,"Friday, September 21, 2012, at 10:52:04 PM"
True,crackyzog,True,False,False,,18,76hy0,True,False,False,0,True,https://www.redditstatic.com/avatars/defaults/v2/avatar_default_0.png,False,54,False,False,21042,False,1331840555.0,1331840555.0,,20970,True,True,True,2023-10-05T15:20:43.132025,"Friday, March 16, 2012, at 03:42:35 AM"
True,Picture-unrelated,True,False,False,"[380, 600]",26413,e5bpbqtx,True,True,True,4055,True,"https://styles.redditmedia.com/t5_4ycb42/styles/profileIcon_snoo42c5ca90-0985-4dde-8d6f-f150899d2086-headshot.png?width=256&height=256&crop=256:256,smart&s=b085f4988058d05e1b2ff82f57343949342d5b67",False,1389356,False,False,1797496,False,1629957345.0,1629957345.0,https://i.redd.it/snoovatar/avatars/42c5ca90-0985-4dde-8d6f-f150899d2086.png,377672,True,True,True,2023-10-05T15:21:23.262693,"Thursday, August 26, 2021, at 01:55:45 PM"
True,redneckrockuhtree,True,False,False,"[380, 600]",3508,f4uhi,True,True,True,5541,True,"https://styles.redditmedia.com/t5_3kl0o/styles/profileIcon_snoo4e83a2e2-da74-4b18-b93e-01a4bf826338-headshot-f.png?width=256&height=256&crop=256:256,smart&s=cf50e3ef73de690f32e82f1003409ba4d2cebc96",False,89428,True,False,432921,False,1391609236.0,1391609236.0,https://i.redd.it/snoovatar/avatars/4e83a2e2-da74-4b18-b93e-01a4bf826338.png,334444,True,True,True,2023-10-05T15:21:24.152376,"Wednesday, February 05, 2014, at 10:07:16 PM"
True,abstractConceptName,True,False,False,,802,hsfz4hq8,True,False,False,0,False,https://www.redditstatic.com/avatars/defaults/v2/avatar_default_0.png,False,120,False,False,149585,False,1640101329.0,1640101329.0,,148663,True,True,True,2023-10-05T15:21:25.022858,"Tuesday, December 21, 2021, at 11:42:09 PM"
True,Melicor,True,False,False,,830,dhp1p,True,False,False,0,True,https://www.redditstatic.com/avatars/defaults/v2/avatar_default_5.png,True,1,False,False,231048,False,1381640424.0,1381640424.0,,230217,True,True,True,2023-10-05T15:21:26.400954,"Sunday, October 13, 2013, at 01:00:24 PM"
True,lmxbftw,True,False,False,,1691,6n7di,True,True,True,204,True,https://www.redditstatic.com/avatars/defaults/v2/avatar_default_6.png,False,17393,True,False,142281,False,1326339157.0,1326339157.0,,122993,True,True,True,2023-10-05T15:21:27.306315,"Thursday, January 12, 2012, at 11:32:37 AM"
True,jrh_101,True,False,False,"[380, 600]",437,av8kr,True,False,False,477,True,"https://styles.redditmedia.com/t5_ed2c6/styles/profileIcon_snoo-nftv2_bmZ0X2VpcDE1NToxMzdfNDY2YTMzMDg4N2JkZjYyZDUzZjk2OGVhODI0NzkzMTUwZjA3NzYyZV8yNjYxNTk_rare_43196d53-fbe0-48fa-93a3-33ed63614962-headshot.png?width=256&height=256&crop=256:256,smart&s=f71ef726ce8be59118ba4470f0bc94e65d0b6fcb",False,2113,False,False,116916,False,1362752447.0,1362752447.0,https://i.redd.it/snoovatar/avatars/nftv2_bmZ0X2VpcDE1NToxMzdfNDY2YTMzMDg4N2JkZjYyZDUzZjk2OGVhODI0NzkzMTUwZjA3NzYyZV8yNjYxNTk_rare_43196d53-fbe0-48fa-93a3-33ed63614962.png,113889,True,True,False,2023-10-05T15:21:34.040339,"Friday, March 08, 2013, at 10:20:47 PM"
True,TheCaptainDamnIt,True,False,False,,3206,8qqq7,True,False,False,409,True,https://www.redditstatic.com/avatars/defaults/v2/avatar_default_7.png,True,8475,False,False,150285,False,1345570605.0,1345570605.0,,138195,True,True,True,2023-10-05T15:21:35.402832,"Wednesday, August 22, 2012, at 01:36:45 AM"
True,underpants-gnome,True,False,False,,1348,j291u,True,False,False,0,True,https://www.redditstatic.com/avatars/defaults/v2/avatar_default_2.png,True,69,False,False,157137,False,1414367651.0,1414367651.0,,155720,True,True,True,2023-10-05T15:21:36.295887,"Monday, October 27, 2014, at 07:54:11 AM"
True,canamerica,True,False,False,"[380, 600]",30,j7kg4,True,False,False,0,True,"https://styles.redditmedia.com/t5_bs5ov/styles/profileIcon_snooafc967a8-2c2d-4a5f-b96d-aaf25365c81e-headshot.png?width=256&height=256&crop=256:256,smart&s=ce874f989b998dbe752fe51c3eed023d56cd2755",False,20,False,False,6893,False,1415168146.0,1415168146.0,https://i.redd.it/snoovatar/avatars/afc967a8-2c2d-4a5f-b96d-aaf25365c81e.png,6843,True,True,True,2023-10-05T15:21:37.185878,"Wednesday, November 05, 2014, at 02:15:46 PM"
True,Griffolion,True,False,False,,530,87ehq,True,False,True,0,True,https://www.redditstatic.com/avatars/defaults/v2/avatar_default_6.png,True,15725,False,False,148575,False,1341267596.0,1341267596.0,,132320,True,True,True,2023-10-05T15:21:38.077441,"Tuesday, July 03, 2012, at 06:19:56 AM"
True,Daxx22,True,False,False,"[380, 600]",223,4cm27,True,False,False,19,True,"https://styles.redditmedia.com/t5_casvo/styles/profileIcon_snoofbb087f1-4c08-418d-b248-f0dae7826bbc-headshot.png?width=256&height=256&crop=256:256,smart&s=cc4d9cd5f2876226e1f53114cb1f4129f10ce7f3",False,2647,False,False,202268,False,1284672851.0,1284672851.0,https://i.redd.it/snoovatar/avatars/fbb087f1-4c08-418d-b248-f0dae7826bbc.png,199379,True,True,True,2023-10-05T15:21:47.085504,"Friday, September 17, 2010, at 05:34:11 AM"
True,f0gax,True,False,False,,512,cgz8d,True,False,True,0,True,https://www.redditstatic.com/avatars/defaults/v2/avatar_default_5.png,False,767,False,False,137752,False,1374506752.0,1374506752.0,,136473,False,True,True,2023-10-05T15:21:48.491193,"Monday, July 22, 2013, at 11:25:52 PM"
True,DracosKasu,True,False,False,"[380, 600]",0,20jfd3od,True,False,False,140,False,"https://styles.redditmedia.com/t5_nickz/styles/profileIcon_snoo166b33ed-eb68-46a9-b5ef-ed0f1595c477-headshot-f.png?width=256&height=256&crop=256:256,smart&s=3dea895fe260952a52841eb76d2a73c849f625df",False,1,False,False,2640,False,1534863318.0,1534863318.0,https://i.redd.it/snoovatar/avatars/166b33ed-eb68-46a9-b5ef-ed0f1595c477.png,2499,True,True,True,2023-10-05T15:21:49.385729,"Tuesday, August 21, 2018, at 10:55:18 PM"
True,ChaosTPM,True,False,False,,0,ilv97o0ng,True,False,False,0,True,https://www.redditstatic.com/avatars/defaults/v2/avatar_default_4.png,False,2,False,False,704,False,1693319629.0,1693319629.0,,702,True,True,True,2023-10-05T15:21:51.997911,"Tuesday, August 29, 2023, at 10:33:49 PM"
True,elbotaloaway,True,False,False,,0,glopvyy4q,True,False,False,0,False,https://www.redditstatic.com/avatars/defaults/v2/avatar_default_2.png,False,1,False,False,45,False,1692531062.0,1692531062.0,,44,True,True,True,2023-10-05T15:21:53.374197,"Sunday, August 20, 2023, at 07:31:02 PM"
True,TabletTeacher,True,False,False,"[380, 600]",81,n9k00,True,False,False,5,True,"https://styles.redditmedia.com/t5_amdqe/styles/profileIcon_snoo2be6b0b4-e585-412d-8313-865623e80b1d-headshot-f.png?width=256&height=256&crop=256:256,smart&s=8df9d680478005e08aac81f45ee46c2e4a847dd6",False,388,False,False,7462,False,1430671468.0,1430671468.0,https://i.redd.it/snoovatar/avatars/2be6b0b4-e585-412d-8313-865623e80b1d.png,6988,True,True,True,2023-10-05T15:21:54.264684,"Monday, May 04, 2015, at 12:44:28 AM"
True,ephelantsraminals,True,False,False,"[380, 600]",0,8fijf,True,False,False,0,False,"https://styles.redditmedia.com/t5_aez1p/styles/profileIcon_snoo9930c164-6293-45a5-92a3-842d9b3a983e-headshot.png?width=256&height=256&crop=256:256,smart&s=4a73901a0a2108ef4ec65e927355fd8291c2a83b",False,1,False,False,1811,False,1343096433.0,1343096433.0,https://i.redd.it/snoovatar/avatars/9930c164-6293-45a5-92a3-842d9b3a983e.png,1810,True,True,True,2023-10-05T15:22:03.267418,"Tuesday, July 24, 2012, at 10:20:33 AM"
True,wirefox1,True,False,False,"[380, 600]",885,34pwagb8,True,False,False,2043,True,"https://styles.redditmedia.com/t5_26rsoo/styles/profileIcon_snoo91d6c8da-2276-484c-b8f6-58984dd7b994-headshot.png?width=256&height=256&crop=256:256,smart&s=b4b13c457cd91398fb4d39424f218ff9b2cd5f8a",True,405,False,False,111940,False,1571341117.0,1571341117.0,https://i.redd.it/snoovatar/avatars/91d6c8da-2276-484c-b8f6-58984dd7b994.png,108607,False,True,True,2023-10-05T15:22:05.078388,"Friday, October 18, 2019, at 03:38:37 AM"
True,CoolFingerGunGuy,True,False,False,,2121,1v15l4b0,True,False,False,22,True,"https://styles.redditmedia.com/t5_mddft/styles/profileIcon_4ohd3547d4671.PNG?width=256&height=256&crop=256:256,smart&s=0e1d4ad9d6886dc1d778dbe856cafae19b444be2",True,886,False,False,111683,False,1532647293.0,1532647293.0,,108654,False,True,True,2023-10-05T15:22:05.974714,"Friday, July 27, 2018, at 07:21:33 AM"
True,yellsatrjokes,True,False,False,,701,347a7e63,True,False,False,18,True,https://www.redditstatic.com/avatars/defaults/v2/avatar_default_3.png,False,58,False,False,38209,False,1548874247.0,1548874247.0,,37432,True,True,True,2023-10-05T15:22:07.358634,"Thursday, January 31, 2019, at 02:50:47 AM"
True,ope__sorry,True,False,False,,141,qmdwew8w,True,False,False,0,True,https://www.redditstatic.com/avatars/defaults/v2/avatar_default_0.png,False,945,False,False,12396,False,1659088738.0,1659088738.0,,11310,True,True,True,2023-10-05T15:22:08.231250,"Friday, July 29, 2022, at 05:58:58 PM"
True,shabadage,True,False,False,,13,kqyvs,True,False,False,0,True,https://www.redditstatic.com/avatars/defaults/v2/avatar_default_0.png,False,4699,False,False,19535,False,1421404995.0,1421404995.0,,14823,True,True,True,2023-10-05T15:22:11.370438,"Friday, January 16, 2015, at 06:43:15 PM"
True,vtmosaic,True,False,False,"[380, 600]",228,381f5ywe,True,False,False,7156,True,"https://styles.redditmedia.com/t5_wk3ao/styles/profileIcon_snoo85da0be2-b281-4a4e-9799-89c32fa727b1-headshot.png?width=256&height=256&crop=256:256,smart&s=8d6a9637c0a59886c5c6de7bd52f49ec86c5ec86",False,1,False,False,68475,False,1550147842.0,1550147842.0,https://i.redd.it/snoovatar/avatars/85da0be2-b281-4a4e-9799-89c32fa727b1.png,61090,False,True,False,2023-10-05T15:22:15.390195,"Thursday, February 14, 2019, at 08:37:22 PM"
True,Burchinthwild,True,False,False,"[380, 600]",0,t7j0hbb3,True,False,False,0,False,"https://styles.redditmedia.com/t5_935f56/styles/profileIcon_snoo-nftv2_bmZ0X2VpcDE1NToxMzdfZWI5NTlhNzE1ZGZmZmU2ZjgyZjQ2MDU1MzM5ODJjNDg1OWNiMTRmZV8zNjc2MzI1_rare_a9e01266-500d-409c-ad72-6f9662ae40e2-headshot.png?width=256&height=256&crop=256:256,smart&s=2eb879248a8b0821dc4062820b8b494dccd2d4df",False,1,False,False,5503,False,1691863944.0,1691863944.0,https://i.redd.it/snoovatar/avatars/nftv2_bmZ0X2VpcDE1NToxMzdfZWI5NTlhNzE1ZGZmZmU2ZjgyZjQ2MDU1MzM5ODJjNDg1OWNiMTRmZV8zNjc2MzI1_rare_a9e01266-500d-409c-ad72-6f9662ae40e2.png,5502,True,True,True,2023-10-05T15:22:16.285625,"Sunday, August 13, 2023, at 02:12:24 AM"
True,HostageInToronto,True,False,False,"[380, 600]",21,me4nsqx5,True,False,False,0,True,"https://styles.redditmedia.com/t5_6h7pmn/styles/profileIcon_snooa4502e2a-8d28-4300-ab93-5647cebead1a-headshot.png?width=256&height=256&crop=256:256,smart&s=cfa25a423ca99055dc810925a3d7d29326a9bda8",False,71,False,False,11094,False,1654347200.0,1654347200.0,https://i.redd.it/snoovatar/avatars/a4502e2a-8d28-4300-ab93-5647cebead1a.png,11002,True,True,True,2023-10-05T15:22:17.160181,"Saturday, June 04, 2022, at 08:53:20 PM"
True,oh-propagandhi,True,False,False,,2036,afhjd,True,False,True,163,True,https://www.redditstatic.com/avatars/defaults/v2/avatar_default_1.png,True,1091,False,False,341268,False,1359655965.0,1359655965.0,,337978,True,True,True,2023-10-05T15:22:18.035484,"Friday, February 01, 2013, at 02:12:45 AM"
True,zeCrazyEye,True,False,False,,1232,4pa5v,True,False,False,0,True,https://www.redditstatic.com/avatars/defaults/v2/avatar_default_3.png,True,125,False,False,424671,False,1294467424.0,1294467424.0,,423314,True,True,True,2023-10-05T15:22:20.347907,"Saturday, January 08, 2011, at 02:17:04 PM"
True,thorzeen,True,False,False,"[380, 600]",228,54tic,True,True,False,4314,True,"https://styles.redditmedia.com/t5_c9ow0/styles/profileIcon_snoo-nftv2_bmZ0X2VpcDE1NToxMzdfNDY2YTMzMDg4N2JkZjYyZDUzZjk2OGVhODI0NzkzMTUwZjA3NzYyZV84OTcxNTA_rare_9e14f3d3-d6ff-4e30-a8fc-608a45f7d19d-headshot.png?width=256&height=256&crop=256:256,smart&s=d8f0a277ef837a24e55b62a2a30d3c30513ff5e8",False,90,False,False,19045,False,1303333104.0,1303333104.0,https://i.redd.it/snoovatar/avatars/nftv2_bmZ0X2VpcDE1NToxMzdfNDY2YTMzMDg4N2JkZjYyZDUzZjk2OGVhODI0NzkzMTUwZjA3NzYyZV84OTcxNTA_rare_9e14f3d3-d6ff-4e30-a8fc-608a45f7d19d.png,14413,True,True,True,2023-10-05T15:22:21.230298,"Thursday, April 21, 2011, at 04:58:24 AM"
True,-Ice-and-Fire,True,False,False,,0,jsezj9b9n,True,False,False,0,True,https://www.redditstatic.com/avatars/defaults/v2/avatar_default_3.png,False,1,False,False,8243,False,1694810048.0,1694810048.0,,8242,True,True,True,2023-10-05T15:22:22.136736,"Saturday, September 16, 2023, at 04:34:08 AM"
True,Orgasmic_interlude,True,False,False,"[380, 600]",627,alkn5j5h,True,False,False,0,False,"https://styles.redditmedia.com/t5_40zq6h/styles/profileIcon_snoo617bcdd7-b880-4c61-aaa8-54f9663501d7-headshot.png?width=256&height=256&crop=256:256,smart&s=0d361c59c6eee53fcdebeabed2f3f0caeceb9053",False,1,False,False,29338,False,1614386854.0,1614386854.0,https://i.redd.it/snoovatar/avatars/617bcdd7-b880-4c61-aaa8-54f9663501d7.png,28710,True,True,True,2023-10-05T15:22:23.023652,"Saturday, February 27, 2021, at 08:47:34 AM"
True,boricualink,True,False,False,,78,c0ynm,True,False,False,0,True,https://www.redditstatic.com/avatars/defaults/v2/avatar_default_2.png,False,331,False,False,23541,False,1371141791.0,1371141791.0,,23132,True,True,True,2023-10-05T15:22:24.408467,"Friday, June 14, 2013, at 12:43:11 AM"
True,the-black-sun,True,False,False,,8,qvrmg,True,False,True,0,False,https://www.redditstatic.com/avatars/defaults/v2/avatar_default_0.png,False,606,False,False,1336,False,1443764512.0,1443764512.0,,722,True,True,True,2023-10-05T15:22:27.075882,"Friday, October 02, 2015, at 01:41:52 PM"
True,sabbytabby,True,False,False,,376,7tb9c,True,False,False,49,False,https://www.redditstatic.com/avatars/defaults/v2/avatar_default_0.png,True,1,False,False,16468,False,1338010327.0,1338010327.0,,16042,True,True,True,2023-10-05T15:22:27.967584,"Saturday, May 26, 2012, at 01:32:07 PM"
True,sr41489,True,False,False,"[380, 600]",53,pcv9e,True,False,False,178,True,"https://styles.redditmedia.com/t5_d1tf8/styles/profileIcon_snoo8b994901-e018-44e6-a2eb-36aebd82cdc5-headshot.png?width=256&height=256&crop=256:256,smart&s=e3ca43de36db8c64280e77c925fd1678de3d0c53",True,1124,False,False,5370,False,1438874058.0,1438874058.0,https://i.redd.it/snoovatar/avatars/8b994901-e018-44e6-a2eb-36aebd82cdc5.png,4015,False,True,True,2023-10-05T15:22:31.152012,"Thursday, August 06, 2015, at 11:14:18 PM"
True,GearBrain,True,False,False,"[380, 600]",2509,7mp9x,True,False,True,289,True,"https://styles.redditmedia.com/t5_1y4ulv/styles/profileIcon_snoo1487b138-debd-4b75-b067-54ca4f714de6-headshot.png?width=256&height=256&crop=256:256,smart&s=655c51de545dc889b7c5681fbf3f89f6f9102c31",False,2715,False,False,370172,False,1336091322.0,1336091322.0,https://i.redd.it/snoovatar/avatars/1487b138-debd-4b75-b067-54ca4f714de6.png,364659,True,True,True,2023-10-05T15:22:32.054152,"Friday, May 04, 2012, at 08:28:42 AM"
True,Purify5,True,False,False,,860,dz6gijxc,True,True,False,0,True,https://www.redditstatic.com/avatars/defaults/v2/avatar_default_0.png,False,446,False,False,109938,False,1629224785.0,1629224785.0,,108632,True,True,True,2023-10-05T15:22:39.296237,"Wednesday, August 18, 2021, at 02:26:25 AM"
True,Alib668,True,False,False,"[380, 600]",224,ignr0,True,False,False,12,True,"https://styles.redditmedia.com/t5_edtyb/styles/profileIcon_snoo929cce04-df0f-4344-8430-79cd151b4e25-headshot.png?width=256&height=256&crop=256:256,smart&s=56d137a9b1bc791f168068a290ae8058c95546c4",True,3373,False,False,42221,False,1411068984.0,1411068984.0,https://i.redd.it/snoovatar/avatars/929cce04-df0f-4344-8430-79cd151b4e25.png,38612,True,True,True,2023-10-05T15:22:42.441134,"Friday, September 19, 2014, at 03:36:24 AM"
True,Xikar_Wyhart,True,False,False,,265,dtaps,True,False,True,11,True,https://www.redditstatic.com/avatars/defaults/v2/avatar_default_0.png,False,4003,False,False,154333,False,1383837356.0,1383837356.0,,150054,True,True,True,2023-10-05T15:22:44.233170,"Thursday, November 07, 2013, at 11:15:56 PM"
True,JoeBourgeois,True,False,False,,18,42rvq,True,False,False,0,True,https://www.redditstatic.com/avatars/defaults/v2/avatar_default_6.png,False,19662,False,False,49648,False,1274679972.0,1274679972.0,,29968,True,True,True,2023-10-05T15:22:53.249194,"Monday, May 24, 2010, at 01:46:12 PM"
True,Caleth,True,False,False,,1281,4yn1x,True,False,False,224,False,https://www.redditstatic.com/avatars/defaults/v2/avatar_default_5.png,True,1908,False,False,110178,False,1300124798.0,1300124798.0,,106765,True,True,True,2023-10-05T15:22:54.148232,"Tuesday, March 15, 2011, at 01:46:38 AM"
True,spidereater,True,False,False,,2263,b8v1c,True,False,False,10,True,https://www.redditstatic.com/avatars/defaults/v2/avatar_default_0.png,True,451,False,False,281075,False,1365465803.0,1365465803.0,,278351,True,True,True,2023-10-05T15:22:58.207189,"Tuesday, April 09, 2013, at 08:03:23 AM"
True,LibRAWRian,True,False,False,,1237,6pkcm,True,False,False,0,False,https://www.redditstatic.com/avatars/defaults/v2/avatar_default_6.png,False,7583,False,False,120561,False,1327071086.0,1327071086.0,,111741,True,True,True,2023-10-05T15:22:59.143444,"Friday, January 20, 2012, at 10:51:26 PM"
True,Emergency_Property_2,True,False,False,,149,5rsolej6,True,False,False,0,True,https://www.redditstatic.com/avatars/defaults/v2/avatar_default_2.png,False,61,False,False,24431,False,1601060565.0,1601060565.0,,24221,True,True,True,2023-10-05T15:23:00.013690,"Saturday, September 26, 2020, at 03:02:45 AM"
True,JerseyDevl,True,False,False,"[380, 600]",652,c9t5t,True,False,False,0,True,"https://styles.redditmedia.com/t5_dumhp/styles/profileIcon_snoof8609f68-7127-4497-98ee-ca95da14dcd5-headshot.png?width=256&height=256&crop=256:256,smart&s=6a4a51fcdd8c1fc74841d7851eabae9d6f1e5d85",True,11,False,False,43156,False,1373035936.0,1373035936.0,https://i.redd.it/snoovatar/avatars/f8609f68-7127-4497-98ee-ca95da14dcd5.png,42493,False,True,True,2023-10-05T15:23:01.421811,"Friday, July 05, 2013, at 10:52:16 PM"
True,runnerswanted,True,False,False,,1467,y1rsg,True,False,False,465,True,https://www.redditstatic.com/avatars/defaults/v2/avatar_default_0.png,False,1990,False,False,176208,False,1463662780.0,1463662780.0,,172286,True,True,True,2023-10-05T15:23:02.344526,"Thursday, May 19, 2016, at 08:59:40 PM"
True,karmavorous,True,False,False,,4685,899wa,True,False,True,61,True,https://www.redditstatic.com/avatars/defaults/v2/avatar_default_2.png,False,5719,False,False,265272,False,1341697116.0,1341697116.0,,254807,True,True,True,2023-10-05T15:23:03.207028,"Sunday, July 08, 2012, at 05:38:36 AM"
True,drleebot,True,False,False,"[380, 600]",693,k8vii,True,False,False,45,True,"https://styles.redditmedia.com/t5_eb09s/styles/profileIcon_snooc98eb3d2-9752-4860-a4a8-3004403c16a8-headshot.png?width=256&height=256&crop=256:256,smart&s=d6a6ea9ab592e1a448b32c8add81ee5436f54f89",True,4850,False,False,81843,False,1419202407.0,1419202407.0,https://i.redd.it/snoovatar/avatars/c98eb3d2-9752-4860-a4a8-3004403c16a8.png,76255,True,True,True,2023-10-05T15:23:04.122287,"Monday, December 22, 2014, at 06:53:27 AM"
True,DadJokeBadJoke,True,False,False,"[380, 600]",5945,t24dh,True,False,False,1330,True,"https://styles.redditmedia.com/t5_c747v/styles/profileIcon_snoo-nftv2_bmZ0X2VpcDE1NToxMzdfNDY2YTMzMDg4N2JkZjYyZDUzZjk2OGVhODI0NzkzMTUwZjA3NzYyZV82MTY1MzU_rare_913df3bf-618c-4ace-bf46-95a9a738edec-headshot.png?width=256&height=256&crop=256:256,smart&s=e89a1fc5f67b39f703567b8e297c2ac3fc9658d7",True,91904,False,False,609559,False,1450473528.0,1450473528.0,https://i.redd.it/snoovatar/avatars/nftv2_bmZ0X2VpcDE1NToxMzdfNDY2YTMzMDg4N2JkZjYyZDUzZjk2OGVhODI0NzkzMTUwZjA3NzYyZV82MTY1MzU_rare_913df3bf-618c-4ace-bf46-95a9a738edec.png,510380,True,True,True,2023-10-05T15:23:05.024758,"Saturday, December 19, 2015, at 05:18:48 AM"
True,Mateorabi,True,False,False,"[380, 600]",3025,3xno9pyg,True,False,False,202,True,"https://styles.redditmedia.com/t5_2gnd8d/styles/profileIcon_snoo0788d5b0-9d39-499f-b1f3-11a14c590019-headshot.png?width=256&height=256&crop=256:256,smart&s=f373ed9cc23bd398131e8a076570e22bf6f0698b",True,1071,False,False,248230,False,1583006192.0,1583006192.0,https://i.redd.it/snoovatar/avatars/0788d5b0-9d39-499f-b1f3-11a14c590019.png,243932,True,True,True,2023-10-05T15:23:06.867813,"Sunday, March 01, 2020, at 03:56:32 AM"
True,metisdesigns,True,False,False,"[380, 600]",2592,4dopx093,True,True,True,7346,True,"https://styles.redditmedia.com/t5_245pql/styles/profileIcon_snoo300e2c8f-596a-4dea-b3ae-79e90799be29-headshot.png?width=256&height=256&crop=256:256,smart&s=16f3fd228c5d5729c3ad141cbdad8e670f340635",False,1209,False,False,173789,False,1567423213.0,1567423213.0,https://i.redd.it/snoovatar/avatars/300e2c8f-596a-4dea-b3ae-79e90799be29.png,162642,True,True,True,2023-10-05T15:23:09.552498,"Monday, September 02, 2019, at 07:20:13 PM"
True,AMC_Unlimited,True,False,False,"[380, 600]",429,djlr9ti9,True,True,True,3524,True,"https://styles.redditmedia.com/t5_4tbftm/styles/profileIcon_snoo-nftv2_bmZ0X2VpcDE1NToxMzdfM2I0NzdhNmIxYmUyMzY2MjhiMDg4MzllMWU4Y2Y4YmE4ZDkzNTg5YV82Mzk4OTI4_rare_822bfe9d-fb94-4ffb-959f-c0b662a06598-headshot.png?width=256&height=256&crop=256:256,smart&s=9e5c5b8d763bc5e4c03310aa7bb7b9a325848776",True,1134,False,False,73749,False,1627344166.0,1627344166.0,https://i.redd.it/snoovatar/avatars/nftv2_bmZ0X2VpcDE1NToxMzdfM2I0NzdhNmIxYmUyMzY2MjhiMDg4MzllMWU4Y2Y4YmE4ZDkzNTg5YV82Mzk4OTI4_rare_822bfe9d-fb94-4ffb-959f-c0b662a06598.png,68662,False,True,False,2023-10-05T15:23:10.452909,"Tuesday, July 27, 2021, at 08:02:46 AM"
True,Suspicious_Bicycle,True,False,False,,558,nrx1nws,True,False,False,0,True,https://www.redditstatic.com/avatars/defaults/v2/avatar_default_4.png,False,2140,False,False,63979,False,1529028193.0,1529028193.0,,61281,True,True,True,2023-10-05T15:23:13.107604,"Friday, June 15, 2018, at 10:03:13 AM"
True,mythofinadequecy,True,False,False,"[380, 600]",79,o789aoqk,True,False,False,252,True,"https://styles.redditmedia.com/t5_6hknz1/styles/profileIcon_snoo-nftv2_bmZ0X2VpcDE1NToxMzdfYzhkM2EzYTgzYmRlNWRhZDA2ZDQzNjY5NGUzZTIyYWMzZTY0ZDU3N18zOTE1MTA1_rare_8e0dd5e0-7dab-4939-a0e2-1f772b797925-headshot.png?width=256&height=256&crop=256:256,smart&s=d09707bd3f88152d0b8dc6c9b0c4ad74c7154629",False,1571,False,False,17021,False,1654514698.0,1654514698.0,https://i.redd.it/snoovatar/avatars/nftv2_bmZ0X2VpcDE1NToxMzdfYzhkM2EzYTgzYmRlNWRhZDA2ZDQzNjY5NGUzZTIyYWMzZTY0ZDU3N18zOTE1MTA1_rare_8e0dd5e0-7dab-4939-a0e2-1f772b797925.png,15119,False,True,True,2023-10-05T15:23:13.993588,"Monday, June 06, 2022, at 07:24:58 PM"
True,EndersFinalEnd,True,False,False,,143,9wskb,True,False,False,29,True,https://www.redditstatic.com/avatars/defaults/v2/avatar_default_3.png,True,679,False,False,30270,False,1355682368.0,1355682368.0,,29419,True,True,True,2023-10-05T15:23:15.383234,"Monday, December 17, 2012, at 02:26:08 AM"
True,kerfer,True,False,False,,93,dpnpt,True,False,False,0,True,https://www.redditstatic.com/avatars/defaults/v2/avatar_default_1.png,False,162,False,False,34976,False,1383163013.0,1383163013.0,,34721,True,True,True,2023-10-05T15:23:17.124781,"Thursday, October 31, 2013, at 03:56:53 AM"
True,18CupsOfMusic,True,False,False,"[380, 600]",2596,9y3cyinz,True,False,True,821,False,"https://styles.redditmedia.com/t5_3rmy40/styles/profileIcon_snoo5baabd9c-279a-46da-a42e-94490eab8005-headshot-f.png?width=256&height=256&crop=256:256,smart&s=5cf400e66f2da759ce8a7f8ac31ec7860541bc17",False,33220,False,False,201808,False,1611371484.0,1611371484.0,https://i.redd.it/snoovatar/avatars/5baabd9c-279a-46da-a42e-94490eab8005.png,165171,True,True,True,2023-10-05T15:23:17.997321,"Saturday, January 23, 2021, at 11:11:24 AM"
True,matluck,True,False,False,,20,4amo4,True,False,False,0,True,https://www.redditstatic.com/avatars/defaults/v2/avatar_default_4.png,False,81,False,False,4938,False,1283195718.0,1283195718.0,,4837,True,True,True,2023-10-05T15:23:19.363371,"Tuesday, August 31, 2010, at 03:15:18 AM"
True,ColdbrewRedeye,True,False,False,,411,73iw1mpc,True,False,False,153,True,https://www.redditstatic.com/avatars/defaults/v2/avatar_default_0.png,False,4303,False,False,31860,False,1602761060.0,1602761060.0,,26993,True,True,True,2023-10-05T15:23:20.270425,"Thursday, October 15, 2020, at 07:24:20 PM"
True,BestReadAtWork,True,False,False,"[380, 600]",221,52ku0,True,False,False,34,True,"https://styles.redditmedia.com/t5_b9rbf/styles/profileIcon_snoo8031d70e-331e-4705-9575-972026e66cd8-headshot.png?width=256&height=256&crop=256:256,smart&s=460f1a1d8ea4d33a990ee096155f485e90527c2b",True,1104,False,False,49521,False,1302182323.0,1302182323.0,https://i.redd.it/snoovatar/avatars/8031d70e-331e-4705-9575-972026e66cd8.png,48162,False,True,True,2023-10-05T15:23:21.172873,"Thursday, April 07, 2011, at 09:18:43 PM"
