id,author_id,author_screen_name,phase,body,created_utc,created_utc_string,comment_id,comment_text,dm_text,synctimestamp
1ylp0dj,d2sciyr3,WinDifficult8274,author,"4 
2
2
1",1693327914.0,"Wednesday, August 30, 2023, at 12:51:54 AM",jp1mvgk,,,2023-10-13T04:50:37.771533
1y3ab21,h24uz4dy,SharpPoint8,author,"1
4
6
1",1692025618.0,"Monday, August 14, 2023, at 11:06:58 PM",i4b9v35,,,2023-10-13T04:50:37.771533
1y1185x,hclr3ili,mumeikokoro,author,All ones,1691859731.0,"Sunday, August 13, 2023, at 01:02:11 AM",jp1uv0r,,,2023-10-13T04:50:37.779536
1xfiiht,3ldy24mb,Rayzou04,author,"2
2
1",1690383557.0,"Wednesday, July 26, 2023, at 10:59:17 PM",jorhkc7,,,2023-10-13T04:50:37.779536
1wtsli1,7qlwn3w8,CatPatient4496,observer,1-7 2-5,1689106277.0,"Wednesday, July 12, 2023, at 04:11:17 AM",jp5073h,"Just like when he he said Florida couldn't afford to have Gillum become governor and be ""monkeying around"" with the state policies. Funny how he always seems to find racist rhetoric coming out of his mouth when talking about black people doing anything.",,2023-10-13T04:50:37.783545
1wrpdqj,9b70ddf7,75839002,observer,Your survey is going to give you meaningless data.  Sorry to be blunt.,1688965426.0,"Monday, July 10, 2023, at 01:03:46 PM",jp5rpl6,Who would be surprised that the guy trying to erase black history is a racist?!?!,,2023-10-13T04:50:37.783545
1wriy1z,dgpqlq1y,_Kyrie_eleison_,observer,2 3,1688952597.0,"Monday, July 10, 2023, at 09:29:57 AM",jp5xwxh,"It doesnâ€™t matter, they can pass whatever they want, but it wonâ€™t get through the Senate or past Biden, the House doesnâ€™t have the authority to do much of anything unilaterally. In other words they donâ€™t control security clearances, they can  formally request thatâ€™s about it.",,2023-10-13T04:50:37.783545
1wrf6rd,3ojz2t1e,KarmicComic12334,observer,"They are both umkmowable, a happy man just venting after work and vaguely offended by the vicissitudes of politics might just as well written this as a self loathimg radical ready to harm others would have. 

1: 3-7 

2. 1-7]",1688945522.0,"Monday, July 10, 2023, at 07:32:02 AM",jp6e6p6,"WE HAVE LOST THE SUPREME COURT. It is corrupt, compromised, and complicit in the Republican attacks on Democracy.

The Federalist Society has cooked the books, bought and paid for Justices.

Resign, or impeach. 

This nation, and all those who lived and died for our country deserve so much better.",,2023-10-13T04:50:37.783545
1wr7crn,c3v2kursc,DaisyB1923,observer,2,1688932320.0,"Monday, July 10, 2023, at 03:52:00 AM",jp6e6p6,"WE HAVE LOST THE SUPREME COURT. It is corrupt, compromised, and complicit in the Republican attacks on Democracy.

The Federalist Society has cooked the books, bought and paid for Justices.

Resign, or impeach. 

This nation, and all those who lived and died for our country deserve so much better.",,2023-10-13T04:50:37.787554
1wr3mr6,a1w10sav,IrishRogue3,observer,"1
1",1688926326.0,"Monday, July 10, 2023, at 02:12:06 AM",jp5xwxh,"It doesnâ€™t matter, they can pass whatever they want, but it wonâ€™t get through the Senate or past Biden, the House doesnâ€™t have the authority to do much of anything unilaterally. In other words they donâ€™t control security clearances, they can  formally request thatâ€™s about it.",,2023-10-13T04:50:37.787554
1wr3cnv,4uzxs,ronin1066,observer,"4

2",1688925931.0,"Monday, July 10, 2023, at 02:05:31 AM",jp5073h,"Just like when he he said Florida couldn't afford to have Gillum become governor and be ""monkeying around"" with the state policies. Funny how he always seems to find racist rhetoric coming out of his mouth when talking about black people doing anything.",,2023-10-13T04:50:37.787554
1wr32du,i22yaoe,username36610,observer,"4
1",1688925415.0,"Monday, July 10, 2023, at 01:56:55 AM",jp5073h,"Just like when he he said Florida couldn't afford to have Gillum become governor and be ""monkeying around"" with the state policies. Funny how he always seems to find racist rhetoric coming out of his mouth when talking about black people doing anything.",,2023-10-13T04:50:37.787554
1wr27jh,bh8cv58a3,Civil-South-7299,observer,Stop your discrimination towards asians,1688924017.0,"Monday, July 10, 2023, at 01:33:37 AM",jp5073h,"Just like when he he said Florida couldn't afford to have Gillum become governor and be ""monkeying around"" with the state policies. Funny how he always seems to find racist rhetoric coming out of his mouth when talking about black people doing anything.",,2023-10-13T04:50:37.787554
1wr26ol,x1sbi,aaapril261992,observer,"6
1",1688923958.0,"Monday, July 10, 2023, at 01:32:38 AM",jp5073h,"Just like when he he said Florida couldn't afford to have Gillum become governor and be ""monkeying around"" with the state policies. Funny how he always seems to find racist rhetoric coming out of his mouth when talking about black people doing anything.",,2023-10-13T04:50:37.787554
1wr217j,jaro04dd,chudwick80,observer,get a job,1688923825.0,"Monday, July 10, 2023, at 01:30:25 AM",jp5rpl6,Who would be surprised that the guy trying to erase black history is a racist?!?!,,2023-10-13T04:50:37.787554
1wr1o8b,fursn,GOPokemonMaster,observer,"1
2",1688923230.0,"Monday, July 10, 2023, at 01:20:30 AM",jp5xwxh,"It doesnâ€™t matter, they can pass whatever they want, but it wonâ€™t get through the Senate or past Biden, the House doesnâ€™t have the authority to do much of anything unilaterally. In other words they donâ€™t control security clearances, they can  formally request thatâ€™s about it.",,2023-10-13T04:50:37.787554
1wr1nxg,qxygq,Pulsarultimus,observer,"4
1",1688923202.0,"Monday, July 10, 2023, at 01:20:02 AM",jp5073h,"Just like when he he said Florida couldn't afford to have Gillum become governor and be ""monkeying around"" with the state policies. Funny how he always seems to find racist rhetoric coming out of his mouth when talking about black people doing anything.",,2023-10-13T04:50:37.795558
1wr1hfn,6s8gm,Stooven,observer,"I don't really have an opinion. I don't know the commentor, nor the context.",1688922902.0,"Monday, July 10, 2023, at 01:15:02 AM",jp5073h,"Just like when he he said Florida couldn't afford to have Gillum become governor and be ""monkeying around"" with the state policies. Funny how he always seems to find racist rhetoric coming out of his mouth when talking about black people doing anything.",,2023-10-13T04:50:37.795558
1wr1faa,2ezckrei,gamer_guide_64,observer,72624416461,1688922746.0,"Monday, July 10, 2023, at 01:12:26 AM",jp5xwxh,"It doesnâ€™t matter, they can pass whatever they want, but it wonâ€™t get through the Senate or past Biden, the House doesnâ€™t have the authority to do much of anything unilaterally. In other words they donâ€™t control security clearances, they can  formally request thatâ€™s about it.",,2023-10-13T04:50:37.795558
1wr161s,syiazbzh,Elivagar_,observer,Is this what universities waste their time on now?,1688922371.0,"Monday, July 10, 2023, at 01:06:11 AM",jp5073h,"Just like when he he said Florida couldn't afford to have Gillum become governor and be ""monkeying around"" with the state policies. Funny how he always seems to find racist rhetoric coming out of his mouth when talking about black people doing anything.",,2023-10-13T04:50:37.803561
1wr0ax1,93hz44chb,PhoenixTineldyer,observer,"7

1",1688920928.0,"Monday, July 10, 2023, at 12:42:08 AM",jp6e6p6,"WE HAVE LOST THE SUPREME COURT. It is corrupt, compromised, and complicit in the Republican attacks on Democracy.

The Federalist Society has cooked the books, bought and paid for Justices.

Resign, or impeach. 

This nation, and all those who lived and died for our country deserve so much better.",,2023-10-13T04:50:37.803561
1wr091f,9mul5r230,DrakeFromGrapeFarm,observer,"5

1",1688920873.0,"Monday, July 10, 2023, at 12:41:13 AM",jp5073h,"Just like when he he said Florida couldn't afford to have Gillum become governor and be ""monkeying around"" with the state policies. Funny how he always seems to find racist rhetoric coming out of his mouth when talking about black people doing anything.",,2023-10-13T04:50:37.811562
1wr07ad,m4nuz,AngryZen_Ingress,observer,"7   
1",1688920825.0,"Monday, July 10, 2023, at 12:40:25 AM",jp6e6p6,"WE HAVE LOST THE SUPREME COURT. It is corrupt, compromised, and complicit in the Republican attacks on Democracy.

The Federalist Society has cooked the books, bought and paid for Justices.

Resign, or impeach. 

This nation, and all those who lived and died for our country deserve so much better.",,2023-10-13T04:50:37.811562
1wnsu2n,299ay0or,jrsinhbca,author,"6
2
3
3",1688691881.0,"Friday, July 07, 2023, at 09:04:41 AM",jp0lr7z,,,2023-10-13T04:50:37.819565
1wiqjvl,8lyo9mds,Godmirra,author,I already did this with Harvard researchers.,1688346904.0,"Monday, July 03, 2023, at 09:15:04 AM",jozt8in,,,2023-10-13T04:50:37.819565
1wh56y7,933e0ajy,comma_in_a_coma,author,1 1 1 1 7,1688236719.0,"Sunday, July 02, 2023, at 02:38:39 AM",jovoeim,,,2023-10-13T04:50:37.819565
1wduxky,7job6kcv,Few-Brilliant-426,author,"1) 7 very
2) 1
3) 4 somewhat
4) 7 very",1688006453.0,"Thursday, June 29, 2023, at 10:40:53 AM",jp042qg,,,2023-10-13T04:50:37.819565
1wdpako,3hb8h,cficare,author,"So ""Harvard"" is doing a social media study (scientific?) and spends not one single letter on identifying itself for credibility purposes?  Are yall for real?",1687995486.0,"Thursday, June 29, 2023, at 07:38:06 AM",,,,2023-10-13T04:50:37.819565
1wasdsi,6ewp4jrv,ENFJPLinguaphile,author,"After much reflection:

7

1

5

4",1687817719.0,"Tuesday, June 27, 2023, at 06:15:19 AM",johx3id,,,2023-10-13T04:50:37.819565
1w8c8lt,e7egm,longsh0tt,author,"1
1
1
1",1687655043.0,"Sunday, June 25, 2023, at 09:04:03 AM",,,,2023-10-13T04:50:37.819565
1w86gmb,1x4e6tif,Walk1000Miles,author,"I'm not sure what this is about and why you contacted me in 


1. How outraged did you feel on a 1-7 scale? (1 = not at all, 4 = somewhat, 7 = very) 

7


2. How happy did you feel on a 1-7 scale? (1 = not at all, 4 = somewhat, 7 = very) 


about the issue?

1


3. How outraged do you think your message will appear to others (1 = not at all, 4 = somewhat, 7 = very) 

Trumpies - 7

Others - 1


.4. RIGHT NOW how outraged are you about the topic you posted about (1 = not at all, 4 = somewhat, 7 = very) You can simply respond with one answer per line such as: 5 1 3 4 


7",1687643727.0,"Sunday, June 25, 2023, at 05:55:27 AM",joplx1q,,,2023-10-13T04:50:37.835568
1w7sjfa,ab8sv,petal14,author,"2
2
2
2",1687617572.0,"Saturday, June 24, 2023, at 10:39:32 PM",,,,2023-10-13T04:50:37.835568
1w78c3t,12oic1,frigginfartface,author,Lick my butthole.,1687572217.0,"Saturday, June 24, 2023, at 10:03:37 AM",jo4z9hj,,,2023-10-13T04:50:37.835568
1w6xzfs,u0si4,prattchet,author,"I reserve my outrage to those pushing for the genocide of trans kids. I do think the grammar of your questions might have been more pertinent to those posts, not the one you reached out over. My only goal in that post is to mock the inscrutable con artists whose allegiance is to the worst parts of political exploitation. I mock this insanity as it is the only agency I have against it, I don't apply any consideration on how others perceive it nor care how they respond.",1687553127.0,"Saturday, June 24, 2023, at 04:45:27 AM",,,,2023-10-13T04:50:37.835568
1w6xvey,c2i4e,MarcusQuintus,author,"Hello.  

I'd be happy to respond, but I'd like to know how you'll use your research. And do you simply want a number 1-7 or would you like reasons as well?",1687552894.0,"Saturday, June 24, 2023, at 04:41:34 AM",,,,2023-10-13T04:50:37.843570
1w6wnrm,asbf9,itemNineExists,author,"I don't suppose there's some way i can verify your legitimacy? I see that you've posted studies. Are they related to your work? Anyway,

For #2, i would just say just, the baseline levels of happiness i normally feel. The answers about outrage depend on one's definition of outrage. If you mean actual emotional feeling, i'd say
1
*
4
1

If it is meant, how intellectually upset i was, i would say maybe
5
*
6
5

It's upsetting that a racist gets elected in a Democracy. That particular story didn't make me more 'outraged'. It's upsetting that he is popular in Florida. He's less popular than he once was, but it's still upsetting that he ever was. I was raised to believe the world was different than this and it really feels like Santa Claus",1687550824.0,"Saturday, June 24, 2023, at 04:07:04 AM",,,,2023-10-13T04:50:37.843570
1w6q2n6,87h8kco3,tapastry12,author,"1
4
1
1",1687539857.0,"Saturday, June 24, 2023, at 01:04:17 AM",,,,2023-10-13T04:50:37.843570
1w6okww,wmxh,ljheidel,author,"1
1
4
1",1687537305.0,"Saturday, June 24, 2023, at 12:21:45 AM",,,,2023-10-13T04:50:37.843570
1w6niqh,d5mquwod,UltravioletAfterglow,author,"5
1
5
5",1687535466.0,"Friday, June 23, 2023, at 11:51:06 PM",,,,2023-10-13T04:50:37.851572
1w6mmug,62wjx1m1,ChuckVowel,author,"1
4
1
1",1687533738.0,"Friday, June 23, 2023, at 11:22:18 PM",,,,2023-10-13T04:50:37.851572
1w6lvfy,4stjn,syracusehorn,author,"It's hopelessness, not outrage. Outrage burned out a long time ago. The language in your survey is incredibly biased and inflammatory. I assumed that Yale would have higher standards to be honest.",1687532394.0,"Friday, June 23, 2023, at 10:59:54 PM",,,,2023-10-13T04:50:37.851572
1w6l8hn,51mugzx0,IntrinsicStarvation,author,"1. How outraged did you feel on a 1-7 scale?

1. Lying poorly and giving away their intent in an embarrassingly obvious manner is expected behavior. You can't really get outraged at expected behavior, it's like getting outraged at a dog for sniffing poop.

 How happy did you feel on a 1-7 scale? 

Not really applicable.

 How outraged do you think your message will appear to others 

I really dont care.

RIGHT NOW how outraged are you about the topic you posted about.

1.",1687531257.0,"Friday, June 23, 2023, at 10:40:57 PM",,,,2023-10-13T04:50:37.859574
1w6l6im,5fm45w7v,LurkerFailsLurking,author,2 1 1 2,1687531120.0,"Friday, June 23, 2023, at 10:38:40 PM",,,,2023-10-13T04:50:37.859574
1w6kahx,13n0egw9,Trippedoutmonkey,author,"1 6 2 1 

ðŸ¥‚",1687529771.0,"Friday, June 23, 2023, at 10:16:11 PM",,,,2023-10-13T04:50:37.859574
1w6if5s,i7xoa,LegendaryOutlaw,author,"5
5
3
2",1687526174.0,"Friday, June 23, 2023, at 09:16:14 PM",,,,2023-10-13T04:50:37.867577
1w6idaz,1nwyjg23,BringOn25A,author,"2
3
3
2",1687526099.0,"Friday, June 23, 2023, at 09:14:59 PM",,,,2023-10-13T04:50:37.867577
1w6hh1z,i0j4n,b95455,author,"1
5
1
1",1687524116.0,"Friday, June 23, 2023, at 08:41:56 PM",,,,2023-10-13T04:50:37.867577
1w6hcs7,vlkj8g4,TheUnknownStitcher,author,"5

2

1

5",1687523889.0,"Friday, June 23, 2023, at 08:38:09 PM",,,,2023-10-13T04:50:37.867577
1w6fsdw,3z5jj6vi,sharingsilently,author,"5
4
4
5",1687520208.0,"Friday, June 23, 2023, at 07:36:48 PM",,,,2023-10-13T04:50:37.891595
1w6fobw,ap8d45l,Chewy_LewisThenewsz,author,Iâ€™d love to sell you the data you seek for $49.,1687519923.0,"Friday, June 23, 2023, at 07:32:03 PM",jp1q9wl,,,2023-10-13T04:50:37.923603
1w6fkki,3q6lk8ck,Killerkurto,author,6156,1687519684.0,"Friday, June 23, 2023, at 07:28:04 PM",,,,2023-10-13T04:50:37.923603
1w6fk50,hzq9l1sq,Howhytzzerr,author,"6
6
4
5",1687519617.0,"Friday, June 23, 2023, at 07:26:57 PM",,,,2023-10-13T04:50:37.931605
1w6fez5,3i9nzyal,BabyMFBear,author,"Good morning.

Your approach to research gives away the game. What you are saying without saying is: the intent of social media is to either create outrage or happiness, but mostly to create outrage.

I am not outraged by the DeSantis article. I am not happy with the DeSantis article.

I am simply pointing out an attempt from a publication to create outrage based off of benign comments. This was glaringly obvious to me, and I was successful in pointing this out to others. That was my intent.

Other comments delved beyond the surface of my observation to point out articles like this are created to ultimately influence voters by causing divides in opinions.

My intent with my comment was to prevent such divide from taking place by applying logic, and allowing for expansion from my point based on additional voices, which is important in amplifying a message.

Social media does not have to be outrageous or lighthearted. Social media can be used to diffuse outrage by providing logical observation and facts. 

Your bias is showing in this survey, and that is an example of a poorly executed research model.

Be better. 

Sincerely,
BMFB",1687519280.0,"Friday, June 23, 2023, at 07:21:20 PM",,,,2023-10-13T04:50:37.955610
1w6fczc,8d3808n7,not_productive1,author,"1
3
1
1

I was just trying to be funny, honestly.",1687519188.0,"Friday, June 23, 2023, at 07:19:48 PM",,,,2023-10-13T04:50:37.955610
1w6ev41,gqaui4om,WholeWheatCloud,author,No thank you,1687518646.0,"Friday, June 23, 2023, at 07:10:46 PM",,,,2023-10-13T04:50:37.955610
1w6eisd,eewrlp3b,FrostySquirrel820,author,"2
4
4
2",1687517889.0,"Friday, June 23, 2023, at 06:58:09 PM",,,,2023-10-13T04:50:37.955610
1w6eejj,jckbmbri,contemporary_romance,author,"You can simply respond with one answer per line such as:
5
1
3
4

What convoluted system are you proposing? That I answer question 5 which doesn't exist in the first line, question two in the line that doesn't exist, question three in the third line and question 4 in the forth line?   

Look I'm all up for helping out political activist groups to gather statistics. But I literally can't/won't help you unless your ability to poll makes a lick of sense.",1687517556.0,"Friday, June 23, 2023, at 06:52:36 PM",,,,2023-10-13T04:50:37.963613
1w6dfvq,2qj1r9f,PatienceandFortitude,author,"5
4
5
5",1687515020.0,"Friday, June 23, 2023, at 06:10:20 PM",,,,2023-10-13T04:50:37.963613
1w62qss,2ac2tp5f,etbillder,author,"1
5
1
1
Keep in mind the post was a bipartisan topic both left and right agree on. Really no outrage from anyone.",1687489838.0,"Friday, June 23, 2023, at 11:10:38 AM",jp26mu7,,,2023-10-13T04:50:37.963613
1w5y0l8,a16dn0nx,sparktheworld,author,"1
4
1
7",1687480056.0,"Friday, June 23, 2023, at 08:27:36 AM",jp2bjn3,,,2023-10-13T04:50:37.963613
1w5vymg,eqa0uf18,MonkeyThrowing,author,"7
2
3
7

This topic has to do with age discrimination.",1687476292.0,"Friday, June 23, 2023, at 07:24:52 AM",jp1854i,,,2023-10-13T04:50:37.971615
1w5t6lh,12dsh2mz,Fragmentia,author,2 1 1 2,1687471349.0,"Friday, June 23, 2023, at 06:02:29 AM",jp0ztf2,,,2023-10-13T04:50:37.971615
1w5sj3b,r559z,MidnightMoon1331,author,"> https://www.reddit.com/r/politics/comments/14ercsn/desantis_antiimmigrant_law_sparks_mass_worker/jowcxv3/

1. 2
2. 1
3. 5
4. 3",1687470313.0,"Friday, June 23, 2023, at 05:45:13 AM",jowcxv3,,,2023-10-13T04:50:37.971615
1w5s8eg,atljpou99,TheRealActaeus,author,"4
6
1
1",1687469781.0,"Friday, June 23, 2023, at 05:36:21 AM",jp1cc1y,,,2023-10-13T04:50:37.971615
1w5o5h3,9xuq7,henrysmyagent,author,"1.  1
2.  5
3.  5
4.  2",1687463181.0,"Friday, June 23, 2023, at 03:46:21 AM",joztaze,,,2023-10-13T04:50:37.971615
1w5nx7m,3dxcg,Astacide,author,"Modern Republicans are terrorists who are actively trying to gain power by overpowering or flat-out cheating elections. Theyâ€™re doing it because they know they are outvoted, and the younger generation doesnâ€™t believe any of their bullshit, so they HAVE to seize power now, so they can destroy our election process so they can try to stay in power forever.

Itâ€™s a full fascist takeover attempt. What is there to live for when they finally succeed? Theyâ€™ve gaslit everyone into thinking theyâ€™re not doing anything wrong, so itâ€™s looking a lot like theyâ€™re going to succeed.",1687462815.0,"Friday, June 23, 2023, at 03:40:15 AM",jorxf07,,,2023-10-13T04:50:37.971615
1w5ne5w,3ce9h,Wadka,author,How do I know this is a legit account?,1687461897.0,"Friday, June 23, 2023, at 03:24:57 AM",jo4knu9,,,2023-10-13T04:50:37.979621
1w5mt5i,1akw2zla,DjMD1017,author,"4
3
2
2",1687460837.0,"Friday, June 23, 2023, at 03:07:17 AM",jp1bx3b,,,2023-10-13T04:50:37.983632
1w5hyep,os4u6,Nyxto,author,"1
3
2
1",1687452603.0,"Friday, June 23, 2023, at 12:50:03 AM",joyw4ft,,,2023-10-13T04:50:37.983632
1w5gurk,a51emd0d,TapInternational3605,author,1 1 3 1,1687450448.0,"Friday, June 23, 2023, at 12:14:08 AM",jp279lv,,,2023-10-13T04:50:37.987641
1w5esft,biry1,deadzip10,author,"4
4
4
4

Side note: Youâ€™ve picked the wrong post to survey here if youâ€™re measuring outrage or emotional swings unless this is some sort of control group. Good luck to you.",1687446981.0,"Thursday, June 22, 2023, at 11:16:21 PM",jp0t6gh,,,2023-10-13T04:50:37.987641
1w5dddv,4y37jqd0,warpedashell,author,"1
5
1
1

Why would there be rage? American politics has devolved to the point of a poorly scripted Sitcom. I prefer to enjoy the shitshow that it is, poke fun at the obvious lack of qualified people making it through the â€˜democratic processâ€™. No anger, just a tinge of sadness as a historic democracy spirals to it slow and painful demise.",1687444747.0,"Thursday, June 22, 2023, at 10:39:07 PM",jp0n59d,,,2023-10-13T04:50:37.987641
1w5bifp,sb361fri,3pxp,author,What is the purpose of this research?,1687441316.0,"Thursday, June 22, 2023, at 09:41:56 PM",jp0hvka,,,2023-10-13T04:50:37.987641
1w5bbj7,zr0q9,gooseberryfalls,author,"Sorry, I don't volunteer for studies. Do you offer renumeration for participation?",1687440979.0,"Thursday, June 22, 2023, at 09:36:19 PM",jp0mvn9,,,2023-10-13T04:50:37.987641
1w5b3v6,en7tw,Mississippiscotsman,author,"5
4
4
7",1687440588.0,"Thursday, June 22, 2023, at 09:29:48 PM",jp0vwqn,,,2023-10-13T04:50:37.995645
1w5b3j5,syy0ts2k,CoffeeWillMakeMePoop,author,No,1687440552.0,"Thursday, June 22, 2023, at 09:29:12 PM",jp1f3dt,,,2023-10-13T04:50:37.995645
1w5b271,17efxo,the_kfcrispy,author,4 3 1 1,1687440422.0,"Thursday, June 22, 2023, at 09:27:02 PM",jp1s03u,,,2023-10-13T04:50:37.995645
1w5aswq,si3fv8tv,samefoldsamefold,author,8 0 0 8,1687439986.0,"Thursday, June 22, 2023, at 09:19:46 PM",jp11pxe,,,2023-10-13T04:50:37.995645
1w5asqj,54sus0o8,bigmistaketoday,author,Do you have informed consent forms? IRB approval?,1687439966.0,"Thursday, June 22, 2023, at 09:19:26 PM",jp0xbp3,,,2023-10-13T04:50:37.995645
1w5as4r,ciluo8kb,Artistic_Mouse_5389,author,"3
4
2
4",1687439899.0,"Thursday, June 22, 2023, at 09:18:19 PM",jp1xfzv,,,2023-10-13T04:50:38.003648
1w5apdg,16bwnt,DogBeersHadOne,author,"1

1

1

1",1687439759.0,"Thursday, June 22, 2023, at 09:15:59 PM",jp0kh8y,,,2023-10-13T04:50:38.003648
1w5abfz,janw1acd,FlutterbyButterflyMS,author,"3
7
2
1",1687438917.0,"Thursday, June 22, 2023, at 09:01:57 PM",jp1bzqa,,,2023-10-13T04:50:38.003648
1w5a2wi,eqy4t3d2,RullyWinkle,author,"1

5

1

1

1",1687438534.0,"Thursday, June 22, 2023, at 08:55:34 PM",jp15xdj,,,2023-10-13T04:50:38.003648
1w59u28,ov7i0ok4,Raider-bob,author,I do not wish to participate.   Have a good day.,1687437983.0,"Thursday, June 22, 2023, at 08:46:23 PM",jowm727,,,2023-10-13T04:50:38.003648
1w59lvo,wnj20,specialPonyBoy,author,"Well, first convince me you are a legit research project. Who is your PI? What other published research have they done? What institution is your host? What is the funding stream?",1687437519.0,"Thursday, June 22, 2023, at 08:38:39 PM",jozajwx,,,2023-10-13T04:50:38.011649
1w56nzf,ad36ic7m,Thorean0907,author,"1
1
1
1",1687431762.0,"Thursday, June 22, 2023, at 07:02:42 PM",jp11tus,,,2023-10-13T04:50:38.011649
1w565d2,9okho,ebone23,author,"Hey, I'd be happy to help. I'd have to say politically I'm more moderate than how I appear online but I enjoy the Dark Brandon meme because it's nothing more than Trump sycophancy turned on it's head and dialed up to 11.

1 4 1 2",1687430652.0,"Thursday, June 22, 2023, at 06:44:12 PM",jp1wens,,,2023-10-13T04:50:38.011649
1w55vk3,14h7ep,CountrySax,author,7477,1687429910.0,"Thursday, June 22, 2023, at 06:31:50 PM",jp0jmbi,,,2023-10-13T04:50:38.011649
1w55jmk,so3lx0sp,tin_ear,author,"1
4
1
1",1687429098.0,"Thursday, June 22, 2023, at 06:18:18 PM",jp1dc0s,,,2023-10-13T04:50:38.011649
1w54zu6,3ag9fm7d,TheLastEmoKid,author,1 1,1687427695.0,"Thursday, June 22, 2023, at 05:54:55 PM",jp0njzy,,,2023-10-13T04:50:38.019651
1w53de1,5zmi7,FermiAnyon,author,"1
4
1
1",1687423568.0,"Thursday, June 22, 2023, at 04:46:08 PM",joyzmte,,,2023-10-13T04:50:38.019651
1w52una,1cr18x05,mzialendrea,author,1 3 2 1,1687422213.0,"Thursday, June 22, 2023, at 04:23:33 PM",jp0sbz8,,,2023-10-13T04:50:38.019651
1w527kr,9qcd1ob,Riversmooth,author,"2,1,2,2",1687420703.0,"Thursday, June 22, 2023, at 03:58:23 PM",jp1f9oh,,,2023-10-13T04:50:38.019651
1w50zx4,eptno,XperianPro,author,"1
1
3
1",1687417878.0,"Thursday, June 22, 2023, at 03:11:18 PM",joyllj4,,,2023-10-13T04:50:38.019651
1w505a2,o2mjj3qo,silly_flying_dolphin,author,1 2 1 1,1687415823.0,"Thursday, June 22, 2023, at 02:37:03 PM",joym4d2,,,2023-10-13T04:50:38.027654
1w4zwra,9b9ii,who519,author,"1. 2
2. 2
3. 3
4. 2",1687415297.0,"Thursday, June 22, 2023, at 02:28:17 PM",jp0kuwx,,,2023-10-13T04:50:38.027654
1w4zjql,yvy7weh,DJGlennW,author,"I'm not outraged and was not outraged, so you can fill in one for all my answers.

I'm amused by the entire circus.",1687414465.0,"Thursday, June 22, 2023, at 02:14:25 PM",jp0otpi,,,2023-10-13T04:50:38.027654
1w4wxgr,12ylsl,eltegs,author,"2
1
1
7",1687408676.0,"Thursday, June 22, 2023, at 12:37:56 PM",joxvr05,,,2023-10-13T04:50:38.027654
1w4w9si,78cyc3ij,unnaturalfood,author,"2
2
3
4",1687407351.0,"Thursday, June 22, 2023, at 12:15:51 PM",jnufnwa,,,2023-10-13T04:50:38.027654
1w4nxp8,a2wbvs1z,DullPunk,author,"1
1
3
1",1687391305.0,"Thursday, June 22, 2023, at 07:48:25 AM",joyb6mj,,,2023-10-13T04:50:38.035655
1w4jaya,2vzjlxkd,tehcoma,author,"For a fee, yes, I will complete your survey.",1687383528.0,"Thursday, June 22, 2023, at 05:38:48 AM",joyypds,,,2023-10-13T04:50:38.035655
1w4j7u8,q0goazy5,bluebastille,author,"1. 5
2. 3
3. 3
4. 5",1687383407.0,"Thursday, June 22, 2023, at 05:36:47 AM",joweedf,,,2023-10-13T04:50:38.035655
1w4h5eu,5n8am,spaetzele,author,"1
1
2
1",1687380277.0,"Thursday, June 22, 2023, at 04:44:37 AM",jow07x0,,,2023-10-13T04:50:38.035655
1w4grub,174cr0,Molire,author,"1  
1  
(unknown)    
1",1687379630.0,"Thursday, June 22, 2023, at 04:33:50 AM",jownf8s,,,2023-10-13T04:50:38.043658
1w4eesz,k5jr0gml,magicdrums,author,Huh? why would I be outraged?,1687375638.0,"Thursday, June 22, 2023, at 03:27:18 AM",jox5muw,,,2023-10-13T04:50:38.043658
1w4e5ps,3wgvyq32,EmperorToilet,author,"2
1
1
1",1687375281.0,"Thursday, June 22, 2023, at 03:21:21 AM",joyzwi7,,,2023-10-13T04:50:38.043658
1w4dj13,8a7jpv12l,FloppyDonkeyDongss,author,sweep your dorm room kid,1687374225.0,"Thursday, June 22, 2023, at 03:03:45 AM",jo8o5yr,,,2023-10-13T04:50:38.043658
1w4al86,voukg27l,jimmyspank12345,author,"I do not get upset when posting on the internet, nor do I care if what I say upsets peope. The world is on its ear with nonsense at the moment. Teaching queer sex beliefs in schools????? Give me a break.",1687369248.0,"Thursday, June 22, 2023, at 01:40:48 AM",joyvu3n,,,2023-10-13T04:50:38.043658
1w4ca02,5nsyx9vep,Once-Upon-A-Hill,author,"> Once-Upon-A-Hill,
> 
> My research group is interested in how people express themselves on social
> media. Would you like to answer a few questions to help us with our
> research? Your response will remain anonymous. 
> 
> You posted the following message on Wednesday, June 21, 2023, at 10:36:52 PM in the r/Conservative subreddit:
> 
> And you are the dummy who is operating from misinformation in their minds.
1
5
2
1",1687372042.0,"Thursday, June 22, 2023, at 02:27:22 AM",joys3oz,,,2023-10-13T04:50:38.051658
1w4c58i,5nsyx9vep,Once-Upon-A-Hill,author,"> How outraged did you feel on a 1-7 scale? (1 = not at all, 4 = somewhat, 7 = very)
> 2. How happy did you feel on a 1-7 scale? (1 = not at all, 4 = somewhat, 7 = very)
> 3. How outraged do you think your message will appear to others (1 = not at all, 4 = somewhat, 7 = very)
> 4. RIGHT NOW how outraged are you ab
1
5
2
1",1687371860.0,"Thursday, June 22, 2023, at 02:24:20 AM",joys3oz,,,2023-10-13T04:50:38.051658
1w4bkzf,3yy823la,notleave_eu,author,"2
?
2
6",1687370872.0,"Thursday, June 22, 2023, at 02:07:52 AM",jowdan2,,,2023-10-13T04:50:38.051658
1w4arl7,f51p5ox7,Libtard69696969,author,i think Yale is full of libtards with priviliged up bringings and nepo babies with no actual life experience that just are good at memorizing shit out of textbooks at most :),1687369556.0,"Thursday, June 22, 2023, at 01:45:56 AM",joyfv7z,,,2023-10-13T04:50:38.051658
1w4apcw,6xr8e8up,The_Fortunate_Fool,author,"4
4
2
4",1687369403.0,"Thursday, June 22, 2023, at 01:43:23 AM",joygk9m,,,2023-10-13T04:50:38.051658
1w4al6x,2v4sncb0,NotMSUPD,author,Not interested.,1687369247.0,"Thursday, June 22, 2023, at 01:40:47 AM",jowfkid,,,2023-10-13T04:50:38.059661
1w4aji7,2nyvrax3,sparkplugg19888,author,"Well, this is a first...

My message was meant ironically. I truly think that the people of r/conservative have very little grasp of how fascistic they act. The replies I've been getting only aggrandize that feeling within me so my numbers might be weird for your scale. 

So, again, not sure if you are looking at messages where the people are just trolling but here are my responses:

4
7
1
5",1687369138.0,"Thursday, June 22, 2023, at 01:38:58 AM",joyp5of,,,2023-10-13T04:50:38.059661
1w4ajhe,3xpxgnz5,PeppercornDingDong,author,"1
5
1
1",1687369136.0,"Thursday, June 22, 2023, at 01:38:56 AM",jo481os,,,2023-10-13T04:50:38.059661
1w4a50q,9mtjy0zzf,TheFriarWagons,author,Fuck off,1687368514.0,"Thursday, June 22, 2023, at 01:28:34 AM",jowpkuk,,,2023-10-13T04:50:38.059661
1w49w50,3cr2mqeq,WillowIntrepid,author,1311,1687368109.0,"Thursday, June 22, 2023, at 01:21:49 AM",joyawgm,,,2023-10-13T04:50:38.059661
1w49tm1,d8tcn,KC5SDY,author,"1
4
1
1",1687368044.0,"Thursday, June 22, 2023, at 01:20:44 AM",joy1m1u,,,2023-10-13T04:50:38.067663
1w49nwg,kxo6z,_R_A_,author,"3
1
2
3",1687367764.0,"Thursday, June 22, 2023, at 01:16:04 AM",jo5ych9,,,2023-10-13T04:50:38.067663
1w48ypz,eqewj,Parabellum8g,author,"2

2

3

1",1687366613.0,"Thursday, June 22, 2023, at 12:56:53 AM",joy2x5c,,,2023-10-13T04:50:38.067663
1w48wwe,ebqowmvu,Legal_Flamingo_8637,author,"> feel

1
1
1
1",1687366566.0,"Thursday, June 22, 2023, at 12:56:06 AM",jowbmzu,,,2023-10-13T04:50:38.067663
1w47s2z,vkgr2yra,coffeepot_chicken,author,"1
4
2
1",1687364593.0,"Thursday, June 22, 2023, at 12:23:13 AM",jowghii,,,2023-10-13T04:50:38.067663
1w43tne,ppwoobv,ZogNowak,author,"4
1
4
4",1687357970.0,"Wednesday, June 21, 2023, at 10:32:50 PM",jovakyp,,,2023-10-13T04:50:38.075665
1w43ji2,2j286ui5,JUSTICE_SALTIE,author,"1

1

1

1",1687357669.0,"Wednesday, June 21, 2023, at 10:27:49 PM",jovby6v,,,2023-10-13T04:50:38.075665
1w43ics,rdnb27j9,onboquo,author,"5
2
2
5

If it's not obvious: the outrage here is at Newsweek pushing the false right-wing narrative that Democrats are *only now* calling for Jared Kushner to be investigated, *because* Hunter Biden was charged, in some petty, tribal, tit-for-tat way.",1687357608.0,"Wednesday, June 21, 2023, at 10:26:48 PM",jovc89y,,,2023-10-13T04:50:38.075665
1w43edy,8mdy72b6p,98n42qxdj9,author,"1

4

2

1",1687357445.0,"Wednesday, June 21, 2023, at 10:24:05 PM",jouw2kb,,,2023-10-13T04:50:38.075665
1w40ael,n5mq33f,bison1969,author,"1
3
1
1",1687351563.0,"Wednesday, June 21, 2023, at 08:46:03 PM",jovouad,,,2023-10-13T04:50:38.075665
1w3znho,4xrc6,Searchlights,author,3 2 5 1,1687350262.0,"Wednesday, June 21, 2023, at 08:24:22 PM",jovejv6,,,2023-10-13T04:50:38.075665
1w3ynzn,e026r,spoobles,author,"4

3

1

3",1687347983.0,"Wednesday, June 21, 2023, at 07:46:23 PM",jovw8qo,,,2023-10-13T04:50:38.083674
1w3vi3k,itbx9,spaniel_rage,author,"2
5
4
2",1687340807.0,"Wednesday, June 21, 2023, at 05:46:47 PM",jowh2a7,,,2023-10-13T04:50:38.083674
1w38ty4,ffvepm99,hastewaste95,author,"

I would oppose reddit banning r/conservative as I view it as relatively harmless compared to less moderated conservative spaces and view puritanical and muscular progressivism as a threat to an open society. However I do not view the discourse on r/conservative as particularly valuable nor do I think in the grand scheme of things reddit banning r/conservative would make a vast amount of difference in the political landscape. I would put my outrage level at 2.5 and happiness level at 3.  My motivation in participating in r/conservative besides entertainment which would be primary is to do my very small part to win intra-partisan disputes on issues like Ukraine (who I support) or industralism vs libertarianism (to which I support the former) or occasionally environmentalism (which I support). I view inter-partisan fights as largely pointless online as you are either speaking to the choir or just giving the other side an excuse to circle the wagons. The point in participating in these exchanges is to build credibility within the sub and evade bans for heterodox positions. Thats not to say my views are always or entirely disingenuous when posting on inter-partisan disputes. At first they tended to be but overtime I've come to exaggerate my position on issues which I somewhat agree on in a performative way. This is useful in maintaining my conservative flair and evading suspicion of insufficient conservatism granting greater ""political capital"" in intra-party debates. I would add further motivation for this. 

There is a difference between a political and factual truth. I view r/conservative imminent ban as unlikely although possible so in some ways you could view this as deliberate misinformation but that ignores the political truth which is that I do think in the long run that reddit will slowly suffocate right leaning subs for both financial and political reasons. ESG has become a political short-hand for those pressures that will perhaps incomplete or exaggerated is broadly accurate. 

Given that I view puritanical progressivism as a long-term but somewhat existential threat to an open society I view the cultivation of resolve against progressive censorship as a secondary good on this sub. Growing authoritarianism on the left works because it moves slowly and individuals lose little by conformity at each successive stage even if their will to resist would be much greater if taken in their totality. Cultivating resolve in the face of censorship earlier and political mobilization earlier via some degree of threat inflation is useful in cultivating political pressure and countervailing power. You would likely disagree arguing that political radicalization is the bigger threat. I would counter that while political radicalization at its extreme is a negative consequence to such an approach  political mobilization is necessary to combat authoritarianism and a passive right would not be an effective countervailing power. More importantly however I view some degree of political radicalization inevitable from participating in the sub and I view as something of a civic duty to direct political energy away from both delusional targets that waste political capital like stop the steal and away from punching down at other Americans like the poor or gay people and towards targets that are both more politically effective and would lead to a more democratic and moral society like breaking the power of Wall Street so I would place the answer to question 3 at a 5. 

A progressive researcher like yourselves would likely counter that the real threat of authoritarianism is from the right but the reality is that Republicans are both too incompetent and their basic policy positions too delusional to represent a real threat to liberty. The DeSantian ""Counter-Reformation"" may have a limited degree of success in conservative states and that while often distasteful is useful to some extent in preventing political hegemony from arising by the creation of a solid Republican base that will counter progressive drift from education. However there is little national long term threat of conservative consolidation due to their more unpopular regressive social policies and the unpopularity of libertarianism especially in the face of coming automation. The real threat is that when the somewhat inevitable collapse of the Republican Party comes the left could gain power unbounded by democratic pressures. Thus the long-term preservation of society requires introducing ideas for a functional right now. I'm not delusional and don't believe I personally have much impact in that but every man has to do their small duty to achieve an optimal world. 



In the face of a long-term threat earlier mobilization is preferable as it allows the earlier organization of actors and possibly greater time for policy-makers to prepare a response. Furthermore I view the cultivation of resolve against censorship as important for the long term survival of an open society. 







 As to whether I believe that Reddit will ban r/conservative I would probably say yes 

3,3,5, 2 - Seems less likely to occur now than it did a week ago",1687295453.0,"Wednesday, June 21, 2023, at 05:10:53 AM",jo4eenx,,,2023-10-13T04:50:38.083674
1w10xso,4w3ga65ow,sjsgswfan90,author,"2 

4

4

6",1687146403.0,"Monday, June 19, 2023, at 11:46:43 AM",joiqhun,,,2023-10-13T04:50:38.083674
1w0s1mf,a8qebebds,52163296857,author,"1
2
1
1



Outrage does not describe my feeling at the time, more disdain. I also think most are too desensitised to be outraged. Mild disgust perhaps, not rage. I was happy that the problem is exposed to the public, but only slightly.",1687129410.0,"Monday, June 19, 2023, at 07:03:30 AM",jog5ky4,,,2023-10-13T04:50:38.091680
1vzph35,cvr41wawf,RedditWater7,author,"1. 4
2. 5
3. 2
4. 3",1687052214.0,"Sunday, June 18, 2023, at 09:36:54 AM",jo6aaau,,,2023-10-13T04:50:38.091680
1w05apg,9w60dcsx,Lukey_Boyo,author,"2
1
1
1",1687088639.0,"Sunday, June 18, 2023, at 07:43:59 PM",jogvuar,,,2023-10-13T04:50:38.091680
1w04lz8,gf7yw,canon12,author,"1.     1
2.     1
3.     1
4.     1",1687087809.0,"Sunday, June 18, 2023, at 07:30:09 PM",,,,2023-10-13T04:50:38.091680
1w02b6j,cy35u0kt,blakevac,author,4411,1687081816.0,"Sunday, June 18, 2023, at 05:50:16 PM",joidz8w,,,2023-10-13T04:50:38.091680
1vzvtqz,hsl7g,tshawkins,author,1 1 1 1,1687066104.0,"Sunday, June 18, 2023, at 01:28:24 PM",joic1qg,,,2023-10-13T04:50:38.091680
1vzrmhm,9ex6xqvq,Lieutenant_L_T_Smash,author,"4
1
4
3",1687056862.0,"Sunday, June 18, 2023, at 10:54:22 AM",jo4dkhr,,,2023-10-13T04:50:38.091680
1vzp8ix,r5jnrhlm,PhoChunKookie,author,STOP harrasing me,1687051757.0,"Sunday, June 18, 2023, at 09:29:17 AM",jo4t5hr,,,2023-10-13T04:50:38.099681
1vzoxt6,64xoc9f02,AnomalouslyPolitical,author,Go fuck yourself. Add that to your research.,1687051188.0,"Sunday, June 18, 2023, at 09:19:48 AM",jo4frpe,,,2023-10-13T04:50:38.099681
1vzohx3,w8h3uwws,Strange-Dress4069,author,"2
1
4
2",1687050251.0,"Sunday, June 18, 2023, at 09:04:11 AM",johypws,,,2023-10-13T04:50:38.107683
1vzohup,veowt,hiricinee,author,"2, 4, 3, 2",1687050241.0,"Sunday, June 18, 2023, at 09:04:01 AM",joimtta,,,2023-10-13T04:50:38.107683
1vzamx7,849ko,GeebusNZ,author,Sus.,1687024821.0,"Sunday, June 18, 2023, at 02:00:21 AM",jogazmh,,,2023-10-13T04:50:38.107683
1vz8i8g,7iyv2,MrLurid,author,"1

3

2

1",1687021202.0,"Sunday, June 18, 2023, at 01:00:02 AM",jogvpx6,,,2023-10-13T04:50:38.107683
1vz85do,2df5mjev,HugeCartographer5,author,"1
2
3
1",1687020521.0,"Sunday, June 18, 2023, at 12:48:41 AM",joh26zk,,,2023-10-13T04:50:38.107683
1vv9z62,tawjsr4s,No-Tangelo7363,author,1 on all points,1686754617.0,"Wednesday, June 14, 2023, at 10:56:57 PM",jnx6ucc,,,2023-10-13T04:50:38.115685
1vun4zx,odgoy8oa,GunterBoden,author,Define woman.,1686710054.0,"Wednesday, June 14, 2023, at 10:34:14 AM",jo1jl1t,,,2023-10-13T04:50:38.115685
1vumvph,r3yd8hvi,koyaaanisqatsi_,author,fuuuuuuck no,1686709737.0,"Wednesday, June 14, 2023, at 10:28:57 AM",jnzlk3a,,,2023-10-13T04:50:38.131687
1vu02xj,19p2zmg1,TitanMU,author,"2
4
5
1",1686673657.0,"Wednesday, June 14, 2023, at 12:27:37 AM",i8p577t,,,2023-10-13T04:50:38.243738
1vtwnb3,crbby,JMRoaming,author,"2
4
4-5
5",1686668517.0,"Tuesday, June 13, 2023, at 11:01:57 PM",jnxm3nt,,,2023-10-13T04:50:38.251739
1vtuv8b,3si0e,TallahasseWaffleHous,author,"3

2

2

3",1686665952.0,"Tuesday, June 13, 2023, at 10:19:12 PM",jnx9jnx,,,2023-10-13T04:50:38.323769
1vttrqv,s8laneoe,rawchallengecone,author,"1. 8
2. 9
3. 10
4.11
5.12",1686664031.0,"Tuesday, June 13, 2023, at 09:47:11 PM",jnxhnsp,,,2023-10-13T04:50:38.443822
1vttngi,la5mn,AuthorTomFrost,author,"5

4

6

5",1686663915.0,"Tuesday, June 13, 2023, at 09:45:15 PM",jovb5rn,,,2023-10-13T04:50:38.547860
1vttn7u,la5mn,AuthorTomFrost,author,"5
4
6
5",1686663894.0,"Tuesday, June 13, 2023, at 09:44:54 PM",jovb5rn,,,2023-10-13T04:50:38.571867
1vtqi3i,3hvrm,bostonmolasses,author,Stop sending me this spam.,1686658082.0,"Tuesday, June 13, 2023, at 08:08:02 PM",jnyg1xo,,,2023-10-13T04:50:38.579873
1vthhs1,a05hpgi0x,rdcomma,author,3 3 4 2,1686638439.0,"Tuesday, June 13, 2023, at 02:40:39 PM",jnycct3,,,2023-10-13T04:50:38.583883
1vth6hc,3ad4y,Randolpho,author,"1
4
1
1",1686637702.0,"Tuesday, June 13, 2023, at 02:28:22 PM",jnykifx,,,2023-10-13T04:50:38.583883
1vth678,vhhsogwe,BuyOutWallStreet,author,"1
1
1
1",1686637661.0,"Tuesday, June 13, 2023, at 02:27:41 PM",jny63az,,,2023-10-13T04:50:38.587891
1vdmi84,9szpc2c,ARY616,author,"2 
4 
4 
2",1685575305.0,"Thursday, June 01, 2023, at 07:21:45 AM",jm0pes2,,,2023-10-13T04:50:38.587891
1v9y62o,sth2z,freddiethebaer,author,"1
1
1
1",1685308805.0,"Monday, May 29, 2023, at 05:20:05 AM",jcps7s7,,,2023-10-13T04:50:38.587891
1v9m242,mt5ognfh,waitforsigns64,author,1:  5. 2:  1.  3:  5. 4:  5,1685286751.0,"Sunday, May 28, 2023, at 11:12:31 PM",jlw5p9u,,,2023-10-13T04:50:38.627904
1v9l53i,m2f4dtrv,anonbene2,author,7 3 2 7,1685285024.0,"Sunday, May 28, 2023, at 10:43:44 PM",jlvzfhi,,,2023-10-13T04:50:38.627904
1v9kvzq,m2f4dtrv,anonbene2,author,7,1685284766.0,"Sunday, May 28, 2023, at 10:39:26 PM",jlvzfhi,,,2023-10-13T04:50:38.627904
