subreddit_id,approved_at_utc,author_is_blocked,comment_type,awarders,mod_reason_by,banned_by,author_flair_type,total_awards_received,author_flair_template_id,likes,user_reports,saved,id,banned_at_utc,mod_reason_title,gilded,archived,collapsed_reason_code,no_follow,can_mod_post,created_utc,send_replies,parent_id,score,author_fullname,approved_by,mod_note,all_awardings,collapsed,body,edited,top_awarded_type,author_flair_css_class,name,is_submitter,downs,author_flair_richtext,author_patreon_flair,body_html,removal_reason,collapsed_reason,distinguished,associated_award,stickied,author_premium,can_gild,gildings,unrepliable_reason,author_flair_text_color,score_hidden,permalink,subreddit_type,locked,report_reasons,created,author_flair_text,treatment_tags,link_id,subreddit_name_prefixed,controversiality,depth,author_flair_background_color,collapsed_because_crowd_control,mod_reports,num_reports,ups,_fetched,synctimestamp,created_utc_string,author_screen_name,top_level_comment,parent_thread_id,parent_comment_id,author_id
2cneq,,False,,[],,,text,0,,,[],False,k4qaui9,,,0,False,,True,False,1697216794.0,True,1773gf6,1,t2_7iyv2,,,[],False,">depending on his personal grudges. 

That's his stance on everything and everyone.

Someone give him praise? He loves them. If someone criticizes him? They're the worst scum of the planet.",False,,,t1_k4qaui9,False,0,[],False,"<div class=""md""><blockquote>
<p>depending on his personal grudges. </p>
</blockquote>

<p>That&#39;s his stance on everything and everyone.</p>

<p>Someone give him praise? He loves them. If someone criticizes him? They&#39;re the worst scum of the planet.</p>
</div>",,,,,False,False,False,{},,,True,/r/politics/comments/1773gf6/trumps_only_real_worldview_is_pettiness_the/k4qaui9/,public,False,,1697216794.0,,[],t3_1773gf6,r/politics,0,0,,,[],,1,True,2023-10-13T17:08:52.976694,"Saturday, October 14, 2023, at 01:06:34 AM",MrLurid,True,1773gf6,,7iyv2
2cneq,,False,,[],,,text,0,,,[],False,k4qb1yg,,,0,False,,True,False,1697216869.0,True,1773gf6,1,t2_3cbhro0a,,,[],False,"Pettiness isn't a worldview, it's his defining character trait",False,,,t1_k4qb1yg,False,0,[],False,"<div class=""md""><p>Pettiness isn&#39;t a worldview, it&#39;s his defining character trait</p>
</div>",,,,,False,False,False,{},,,True,/r/politics/comments/1773gf6/trumps_only_real_worldview_is_pettiness_the/k4qb1yg/,public,False,,1697216869.0,,[],t3_1773gf6,r/politics,0,0,,,[],,1,True,2023-10-13T17:08:53.405243,"Saturday, October 14, 2023, at 01:07:49 AM",Namesarehard996,True,1773gf6,,3cbhro0a
2cneq,,False,,[],,,richtext,0,ac1e09e8-8e72-11e6-959c-0e0d983a7ee7,,[],False,k4qb2gu,,,0,False,,True,False,1697216875.0,True,1773gf6,1,t2_4xrc6,,,[],False,"And we're talking about thousands of human lives who never enter his calculations.
  
That's a sociopath.",False,,newhampshire-flag,t1_k4qb2gu,False,0,"[{""a"": "":flag-nh:"", ""u"": ""https://emoji.redditmedia.com/iv68569xoxe11_t5_2cneq/flag-nh"", ""e"": ""emoji""}, {""e"": ""text"", ""t"": "" New Hampshire""}]",False,"<div class=""md""><p>And we&#39;re talking about thousands of human lives who never enter his calculations.</p>

<p>That&#39;s a sociopath.</p>
</div>",,,,,False,True,False,{},,dark,True,/r/politics/comments/1773gf6/trumps_only_real_worldview_is_pettiness_the/k4qb2gu/,public,False,,1697216875.0,:flag-nh: New Hampshire,[],t3_1773gf6,r/politics,0,0,,,[],,1,True,2023-10-13T17:08:53.915882,"Saturday, October 14, 2023, at 01:07:55 AM",Searchlights,True,1773gf6,,4xrc6
2cneq,,False,,[],,,text,0,,,[],False,k4qa823,,,0,False,,False,False,1697216564.0,True,1773cw3,1,t2_ky590wzv,,,[],False,Antisemites hiding under the guise of anti-Zionists... nothing new.,False,,,t1_k4qa823,False,0,[],False,"<div class=""md""><p>Antisemites hiding under the guise of anti-Zionists... nothing new.</p>
</div>",,,,,False,False,False,{},,,True,/r/politics/comments/1773cw3/stanford_students_say_lecturer_called_jews_in/k4qa823/,public,False,,1697216564.0,,[],t3_1773cw3,r/politics,0,0,,,[],,1,True,2023-10-13T17:08:54.798845,"Saturday, October 14, 2023, at 01:02:44 AM",Cost-Born,True,1773cw3,,ky590wzv
2cneq,,False,,[],,,text,0,,,[],False,k4qb38h,,,0,False,,True,False,1697216883.0,True,k4qa823,1,t2_j5v6kzjh,,,[],False,This is a major distinction. Being anti-apartheid Israel doesnt have to be and shouldn't be anti semitic.,False,,,t1_k4qb38h,False,0,[],False,"<div class=""md""><p>This is a major distinction. Being anti-apartheid Israel doesnt have to be and shouldn&#39;t be anti semitic.</p>
</div>",,,,,False,False,False,{},,,True,/r/politics/comments/1773cw3/stanford_students_say_lecturer_called_jews_in/k4qb38h/,public,False,,1697216883.0,,[],t3_1773cw3,r/politics,0,1,,,[],,1,True,2023-10-13T17:08:55.229797,"Saturday, October 14, 2023, at 01:08:03 AM",ARandomWalkInSpace,False,1773cw3,k4qa823,j5v6kzjh
2cneq,,False,,[],,,text,0,,,[],False,k4qa1u1,,,0,False,,True,False,1697216501.0,True,1773cw3,1,t2_verq8vx6,,,[],False,We'll I certainly can't say I support that kind of behavior.,False,,,t1_k4qa1u1,False,0,[],False,"<div class=""md""><p>We&#39;ll I certainly can&#39;t say I support that kind of behavior.</p>
</div>",,,,,False,False,False,{},,,True,/r/politics/comments/1773cw3/stanford_students_say_lecturer_called_jews_in/k4qa1u1/,public,False,,1697216501.0,,[],t3_1773cw3,r/politics,0,0,,,[],,1,True,2023-10-13T17:08:55.755066,"Saturday, October 14, 2023, at 01:01:41 AM",PopeHonkersXII,True,1773cw3,,verq8vx6
2cneq,,False,,[],,,text,0,,,[],False,k4q9xnw,,,0,False,,True,False,1697216458.0,True,1773cw3,1,t2_ebbls1fez,,,[],False,"Stanford officials declined to comment on the personnel matter, instead referring to their announcement Wednesday that they had removed the person from the classroom while they look into the allegations. In their statement, university officials said that ‚Äúacademic freedom does not permit the identity-based targeting of students.‚Äù 

The incident occurred amid rising campus tensions around the country as many students and university employees take sides on the war. College campuses have long been a breeding ground of passionate, often angry debate over Israeli-Palestinian relations. But Stanford officials said in their statement that students on both sides of the issue have reported heightened anxiety and fear since war broke out.",False,,,t1_k4q9xnw,False,0,[],False,"<div class=""md""><p>Stanford officials declined to comment on the personnel matter, instead referring to their announcement Wednesday that they had removed the person from the classroom while they look into the allegations. In their statement, university officials said that ‚Äúacademic freedom does not permit the identity-based targeting of students.‚Äù </p>

<p>The incident occurred amid rising campus tensions around the country as many students and university employees take sides on the war. College campuses have long been a breeding ground of passionate, often angry debate over Israeli-Palestinian relations. But Stanford officials said in their statement that students on both sides of the issue have reported heightened anxiety and fear since war broke out.</p>
</div>",,,,,False,False,False,{},,,True,/r/politics/comments/1773cw3/stanford_students_say_lecturer_called_jews_in/k4q9xnw/,public,False,,1697216458.0,,[],t3_1773cw3,r/politics,0,0,,,[],,1,True,2023-10-13T17:08:56.155146,"Saturday, October 14, 2023, at 01:00:58 AM",TheSsyDollar,True,1773cw3,,ebbls1fez
2cneq,,False,,[],,,richtext,0,fd871cfc-8e72-11e6-84ba-0ee844677561,,[],False,k4qa91s,,,0,False,,True,False,1697216575.0,True,1773cw3,1,t2_dyjdx4ov,,,[],False,Not US Politics,False,,texas-flag,t1_k4qa91s,False,0,"[{""a"": "":flag-tx:"", ""u"": ""https://emoji.redditmedia.com/3yap2qzxoxe11_t5_2cneq/flag-tx"", ""e"": ""emoji""}, {""e"": ""text"", ""t"": "" Texas""}]",False,"<div class=""md""><p>Not US Politics</p>
</div>",,,,,False,False,False,{},,dark,True,/r/politics/comments/1773cw3/stanford_students_say_lecturer_called_jews_in/k4qa91s/,public,False,,1697216575.0,:flag-tx: Texas,[],t3_1773cw3,r/politics,0,0,,,[],,1,True,2023-10-13T17:08:56.571214,"Saturday, October 14, 2023, at 01:02:55 AM",bimmer92,True,1773cw3,,dyjdx4ov
2cneq,,False,,[],,,text,0,,,[],False,k4qa7fi,,,0,False,,True,False,1697216558.0,True,1773cw3,1,t2_ctbd97pzk,,,[],False,Surprised no one asked him to put hands up if he was going to talk like that.,False,,,t1_k4qa7fi,False,0,[],False,"<div class=""md""><p>Surprised no one asked him to put hands up if he was going to talk like that.</p>
</div>",,,,,False,False,False,{},,,True,/r/politics/comments/1773cw3/stanford_students_say_lecturer_called_jews_in/k4qa7fi/,public,False,,1697216558.0,,[],t3_1773cw3,r/politics,0,0,,,[],,1,True,2023-10-13T17:08:57.034785,"Saturday, October 14, 2023, at 01:02:38 AM",Mysterious_Bit6882,True,1773cw3,,ctbd97pzk
2cneq,,False,,[],,,richtext,0,6839206c-0b61-11eb-8eaf-0eaef05dfe01,,[],False,k4q9air,,,0,False,,False,False,1697216226.0,True,17734ol,1,t2_bds4r,,,[],False,4) GOP fails to elect a speaker and refuses to work with Democrats. America can't pass a budget and the government shuts down. Then America can't raise the debt ceiling and defaults. World economy crumbles. Thanks GOP.,1697216578.0,,,t1_k4q9air,False,0,"[{""a"": "":ivoted:"", ""u"": ""https://emoji.redditmedia.com/vgmqxmn6cds51_t5_2cneq/ivoted"", ""e"": ""emoji""}, {""e"": ""text"", ""t"": "" I voted""}]",False,"<div class=""md""><p>4) GOP fails to elect a speaker and refuses to work with Democrats. America can&#39;t pass a budget and the government shuts down. Then America can&#39;t raise the debt ceiling and defaults. World economy crumbles. Thanks GOP.</p>
</div>",,,,,False,False,False,{},,light,True,/r/politics/comments/17734ol/three_ways_republican_house_speaker_chaos_ends_on/k4q9air/,public,False,,1697216226.0,:ivoted: I voted,[],t3_17734ol,r/politics,0,0,#373c3f,,[],,1,True,2023-10-13T17:08:58.014953,"Saturday, October 14, 2023, at 12:57:06 AM",supes1,True,17734ol,,bds4r
2cneq,,False,,[],,,text,0,,,[],False,k4qa87b,,,0,False,,True,False,1697216566.0,True,k4q9air,1,t2_ve0re4yr,,,[],False,That may happen. It will all depend on what their Billionaire Masters decide. They may bet that they are correctly invested to ride it out and seize control of the Government.,False,,,t1_k4qa87b,False,0,[],False,"<div class=""md""><p>That may happen. It will all depend on what their Billionaire Masters decide. They may bet that they are correctly invested to ride it out and seize control of the Government.</p>
</div>",,,,,False,False,False,{},,,True,/r/politics/comments/17734ol/three_ways_republican_house_speaker_chaos_ends_on/k4qa87b/,public,False,,1697216566.0,,[],t3_17734ol,r/politics,0,1,,,[],,1,True,2023-10-13T17:08:58.545543,"Saturday, October 14, 2023, at 01:02:46 AM",JubalHarshaw23,False,17734ol,k4q9air,ve0re4yr
2cneq,,False,,[],,,text,0,,,[],False,k4q8umx,,,0,False,,True,False,1697216064.0,True,17734ol,1,t2_a3ut9vdpc,,,[],False,Just end the party and ban its members from entering political offices. Done,False,,,t1_k4q8umx,False,0,[],False,"<div class=""md""><p>Just end the party and ban its members from entering political offices. Done</p>
</div>",,,,,False,False,False,{},,,True,/r/politics/comments/17734ol/three_ways_republican_house_speaker_chaos_ends_on/k4q8umx/,public,False,,1697216064.0,,[],t3_17734ol,r/politics,0,0,,,[],,1,True,2023-10-13T17:08:58.969906,"Saturday, October 14, 2023, at 12:54:24 AM",GOP_Neoconfederacy,True,17734ol,,a3ut9vdpc
2cneq,,False,,[],,,text,0,,,[],False,k4qal6t,,,0,False,,True,False,1697216699.0,True,17734ol,1,t2_6bccb,,,[],False,">One of Mr Jordan's backers, Georgia congresswoman Marjorie Taylor Greene, said she hoped party members can coalesce around a Speaker and bring it to a vote on the House floor ""immediately"".

>She criticised those who have said they would never vote for Mr Jordan. ""Saying 'never' anything is just not the way to go"", said Ms Greene on Friday.

This you, Marj?

>""I've already decided I will not vote to fund the government unless we have passed an impeachment inquiry on Joe Biden.""",False,,,t1_k4qal6t,False,0,[],False,"<div class=""md""><blockquote>
<p>One of Mr Jordan&#39;s backers, Georgia congresswoman Marjorie Taylor Greene, said she hoped party members can coalesce around a Speaker and bring it to a vote on the House floor &quot;immediately&quot;.</p>

<p>She criticised those who have said they would never vote for Mr Jordan. &quot;Saying &#39;never&#39; anything is just not the way to go&quot;, said Ms Greene on Friday.</p>
</blockquote>

<p>This you, Marj?</p>

<blockquote>
<p>&quot;I&#39;ve already decided I will not vote to fund the government unless we have passed an impeachment inquiry on Joe Biden.&quot;</p>
</blockquote>
</div>",,,,,False,True,False,{},,,True,/r/politics/comments/17734ol/three_ways_republican_house_speaker_chaos_ends_on/k4qal6t/,public,False,,1697216699.0,,[],t3_17734ol,r/politics,0,0,,,[],,1,True,2023-10-13T17:08:59.399026,"Saturday, October 14, 2023, at 01:04:59 AM",CaptainNoBoat,True,17734ol,,6bccb
2cneq,,False,,[],,,richtext,0,,,[],False,k4q7g1q,,,0,False,,False,False,1697215553.0,True,17732nu,1,t2_21rhbw8j,,,[],False,"The messy race to elect the next Republican speaker of the House of Representatives is injecting chaos into the typically genteel world of high-dollar GOP fundraising, threatening to disrupt a vital element of the Republican strategy to maintain its House majority.

One faction of wealthy donors is intent on exacting revenge on the eight Republicans who voted with Democrats to oust former speaker Kevin McCarthy, according to people familiar with the matter.

‚ÄúThey are total pieces of s---,‚Äù said Andy Sabin, a longtime Republican donor and metalworks executive. Sabin told CNBC he‚Äôs encouraging fellow donors not to give or raise money for members like Rep. Matt Gaetz of Florida, who led the anti-McCarthy drive and Nancy Mace of South Carolina, a moderate who sided with hardliners against the California leader.

Another group of financiers want to take on Republicans who opposed the top candidate to replace McCarthy, House Majority Leader Steve Scalise of Louisiana, these people explained.

‚ÄúThey‚Äôre angry. They‚Äôre all saying, ‚Äòdon‚Äôt give, don‚Äôt raise any money,‚Äô‚Äù a Republican fundraiser said.

More: [https://www.cnbc.com/2023/10/13/house-speaker-race-creates-fundraising-chaos-as-scalise-withdraws.html](https://www.cnbc.com/2023/10/13/house-speaker-race-creates-fundraising-chaos-as-scalise-withdraws.html)",False,,verified,t1_k4q7g1q,True,0,"[{""e"": ""text"", ""t"": ""CNBC""}]",False,"<div class=""md""><p>The messy race to elect the next Republican speaker of the House of Representatives is injecting chaos into the typically genteel world of high-dollar GOP fundraising, threatening to disrupt a vital element of the Republican strategy to maintain its House majority.</p>

<p>One faction of wealthy donors is intent on exacting revenge on the eight Republicans who voted with Democrats to oust former speaker Kevin McCarthy, according to people familiar with the matter.</p>

<p>‚ÄúThey are total pieces of s---,‚Äù said Andy Sabin, a longtime Republican donor and metalworks executive. Sabin told CNBC he‚Äôs encouraging fellow donors not to give or raise money for members like Rep. Matt Gaetz of Florida, who led the anti-McCarthy drive and Nancy Mace of South Carolina, a moderate who sided with hardliners against the California leader.</p>

<p>Another group of financiers want to take on Republicans who opposed the top candidate to replace McCarthy, House Majority Leader Steve Scalise of Louisiana, these people explained.</p>

<p>‚ÄúThey‚Äôre angry. They‚Äôre all saying, ‚Äòdon‚Äôt give, don‚Äôt raise any money,‚Äô‚Äù a Republican fundraiser said.</p>

<p>More: <a href=""https://www.cnbc.com/2023/10/13/house-speaker-race-creates-fundraising-chaos-as-scalise-withdraws.html"">https://www.cnbc.com/2023/10/13/house-speaker-race-creates-fundraising-chaos-as-scalise-withdraws.html</a></p>
</div>",,,,,False,False,False,{},,dark,True,/r/politics/comments/17732nu/house_speaker_race_injects_chaos_into_highdollar/k4q7g1q/,public,False,,1697215553.0,CNBC,[],t3_17732nu,r/politics,0,0,,,[],,1,True,2023-10-13T17:09:00.572259,"Saturday, October 14, 2023, at 12:45:53 AM",cnbc_official,True,17732nu,,21rhbw8j
2cneq,,False,,[],,,richtext,0,da91f5e6-8e72-11e6-98a9-0e56c1175d95,,[],False,k4q7zf8,,,0,False,,True,False,1697215749.0,True,17732nu,1,t2_d3hi5,,,[],False,They want *more* money to not do their fucking jobs? ü§î,False,,oregon-flag,t1_k4q7zf8,False,0,"[{""a"": "":flag-or:"", ""u"": ""https://emoji.redditmedia.com/ppenvbnxoxe11_t5_2cneq/flag-or"", ""e"": ""emoji""}, {""e"": ""text"", ""t"": "" Oregon""}]",False,"<div class=""md""><p>They want <em>more</em> money to not do their fucking jobs? ü§î</p>
</div>",,,,,False,False,False,{},,dark,True,/r/politics/comments/17732nu/house_speaker_race_injects_chaos_into_highdollar/k4q7zf8/,public,False,,1697215749.0,:flag-or: Oregon,[],t3_17732nu,r/politics,0,0,,,[],,1,True,2023-10-13T17:09:00.999100,"Saturday, October 14, 2023, at 12:49:09 AM",fowlraul,True,17732nu,,d3hi5
2cneq,,False,,[],,,text,0,,,[],False,k4q82uc,,,0,False,,True,False,1697215783.0,True,1772x7m,1,t2_9rq6tjxaj,,,[],False,"remember when biden saluted a north korean general? 

oh wait.. that was trump the traitor.",False,,,t1_k4q82uc,False,0,[],False,"<div class=""md""><p>remember when biden saluted a north korean general? </p>

<p>oh wait.. that was trump the traitor.</p>
</div>",,,,,False,False,False,{},,,True,/r/politics/comments/1772x7m/republicans_pretend_biden_is_soft_on_foreign/k4q82uc/,public,False,,1697215783.0,,[],t3_1772x7m,r/politics,0,0,,,[],,1,True,2023-10-13T17:09:01.933728,"Saturday, October 14, 2023, at 12:49:43 AM",loudernip,True,1772x7m,,9rq6tjxaj
2cneq,,False,,[],,,text,0,,,[],False,k4q6vxm,,,0,False,,False,False,1697215346.0,True,1772x7m,1,t2_rnvze,,,[],False,"Republicans had to pretend tricking another country into assisting the US government into assassinating an Iranian general and causing 24 hours of absolute chaos that resulted in civilian deaths was good foreign policy.  

They had to pretend that lying to allies was good foreign policy.",False,,,t1_k4q6vxm,False,0,[],False,"<div class=""md""><p>Republicans had to pretend tricking another country into assisting the US government into assassinating an Iranian general and causing 24 hours of absolute chaos that resulted in civilian deaths was good foreign policy.  </p>

<p>They had to pretend that lying to allies was good foreign policy.</p>
</div>",,,,,False,True,False,{},,,True,/r/politics/comments/1772x7m/republicans_pretend_biden_is_soft_on_foreign/k4q6vxm/,public,False,,1697215346.0,,[],t3_1772x7m,r/politics,0,0,,,[],,1,True,2023-10-13T17:09:02.368081,"Saturday, October 14, 2023, at 12:42:26 AM",Yousoggyyojimbo,True,1772x7m,,rnvze
2cneq,,False,,[],,,richtext,0,,,[],False,k4q6b5m,,,0,False,,False,False,1697215134.0,True,1772x7m,1,t2_ba0snhoh,,,[],False,"As thousands of Israelis and Palestinians grieve their loved ones this week, Republicans saw an opportunity: to attack Joe Biden‚Äôs climate and energy policies.",False,,verified,t1_k4q6b5m,True,0,"[{""e"": ""text"", ""t"": ""The New Republic""}]",False,"<div class=""md""><p>As thousands of Israelis and Palestinians grieve their loved ones this week, Republicans saw an opportunity: to attack Joe Biden‚Äôs climate and energy policies.</p>
</div>",,,,,False,True,False,{},,dark,True,/r/politics/comments/1772x7m/republicans_pretend_biden_is_soft_on_foreign/k4q6b5m/,public,False,,1697215134.0,The New Republic,[],t3_1772x7m,r/politics,0,0,,,[],,1,True,2023-10-13T17:09:02.797063,"Saturday, October 14, 2023, at 12:38:54 AM",thenewrepublic,True,1772x7m,,ba0snhoh
2cneq,,False,,[],,,text,0,,,[],False,k4q7nk0,,,0,False,,True,False,1697215629.0,True,1772x7m,1,t2_v84x1dx4,,,[],False,"There's not a single honest thing about the republican party, with one exception:

""We are all domestic terrorists.""",False,,,t1_k4q7nk0,False,0,[],False,"<div class=""md""><p>There&#39;s not a single honest thing about the republican party, with one exception:</p>

<p>&quot;We are all domestic terrorists.&quot;</p>
</div>",,,,,False,True,False,{},,,True,/r/politics/comments/1772x7m/republicans_pretend_biden_is_soft_on_foreign/k4q7nk0/,public,False,,1697215629.0,,[],t3_1772x7m,r/politics,0,0,,,[],,1,True,2023-10-13T17:09:03.213810,"Saturday, October 14, 2023, at 12:47:09 AM",liverlact,True,1772x7m,,v84x1dx4
2cneq,,False,,[],,,text,0,,,[],False,k4q9qjp,,,0,False,,True,False,1697216386.0,True,1772x7m,1,t2_e0qhr,,,[],False,"Biden has done more to destroy Putin/Russia's Military and Economic Power than any President in history before him. He was the biggest champion of NATO in the US since the 1990s, and his Foreign Policy credentials are one of the reasons he was picked to be Obama's VP in the first place, and the GOP used to be well aware of that fact.

But now they're mostly all Putin/Russian Shills that have developed amnesia and a fatal case of stupidity.",False,,,t1_k4q9qjp,False,0,[],False,"<div class=""md""><p>Biden has done more to destroy Putin/Russia&#39;s Military and Economic Power than any President in history before him. He was the biggest champion of NATO in the US since the 1990s, and his Foreign Policy credentials are one of the reasons he was picked to be Obama&#39;s VP in the first place, and the GOP used to be well aware of that fact.</p>

<p>But now they&#39;re mostly all Putin/Russian Shills that have developed amnesia and a fatal case of stupidity.</p>
</div>",,,,,False,False,False,{},,,True,/r/politics/comments/1772x7m/republicans_pretend_biden_is_soft_on_foreign/k4q9qjp/,public,False,,1697216386.0,,[],t3_1772x7m,r/politics,0,0,,,[],,1,True,2023-10-13T17:09:03.658406,"Saturday, October 14, 2023, at 12:59:46 AM",mynamesyow19,True,1772x7m,,e0qhr
2cneq,,False,,[],,,text,0,,,[],False,k4q75o4,,,0,False,,True,False,1697215448.0,True,1772x7m,1,t2_e5qm5,,,[],False,Republicans pretend a lot of things,False,,,t1_k4q75o4,False,0,[],False,"<div class=""md""><p>Republicans pretend a lot of things</p>
</div>",,,,,False,False,False,{},,,True,/r/politics/comments/1772x7m/republicans_pretend_biden_is_soft_on_foreign/k4q75o4/,public,False,,1697215448.0,,[],t3_1772x7m,r/politics,0,0,,,[],,1,True,2023-10-13T17:09:04.083857,"Saturday, October 14, 2023, at 12:44:08 AM",atomsmasher66,True,1772x7m,,e5qm5
2cneq,,False,,[],,,text,0,,,[],False,k4q9ouz,,,0,False,,True,False,1697216369.0,True,1772x7m,1,t2_pkdaf,,,[],False,"The problem with Biden is that he's 80 years old and it shows in his delivery.

His defense of Israel and rebuke of Hamas is ironclad and the only thing he hasn't done is send in the troops himself.",False,,,t1_k4q9ouz,False,0,[],False,"<div class=""md""><p>The problem with Biden is that he&#39;s 80 years old and it shows in his delivery.</p>

<p>His defense of Israel and rebuke of Hamas is ironclad and the only thing he hasn&#39;t done is send in the troops himself.</p>
</div>",,,,,False,False,False,{},,,True,/r/politics/comments/1772x7m/republicans_pretend_biden_is_soft_on_foreign/k4q9ouz/,public,False,,1697216369.0,,[],t3_1772x7m,r/politics,0,0,,,[],,1,True,2023-10-13T17:09:04.504855,"Saturday, October 14, 2023, at 12:59:29 AM",oleosmirf,True,1772x7m,,pkdaf
2cneq,,False,,[],,,text,0,,,[],False,k4q6xs2,,,0,False,,True,False,1697215365.0,True,1772x7m,1,t2_srnxw3mu,,,[],False,"People don't realize $6 billion to terrorist sponsor Iran is not actually a lot of money compared to what we've sent to Ukraine. I'm sure Iran wanted $20 billion, but the administration wisely negotiated that down.",False,,,t1_k4q6xs2,False,0,[],False,"<div class=""md""><p>People don&#39;t realize $6 billion to terrorist sponsor Iran is not actually a lot of money compared to what we&#39;ve sent to Ukraine. I&#39;m sure Iran wanted $20 billion, but the administration wisely negotiated that down.</p>
</div>",,,,,False,False,False,{},,,True,/r/politics/comments/1772x7m/republicans_pretend_biden_is_soft_on_foreign/k4q6xs2/,public,False,,1697215365.0,,[],t3_1772x7m,r/politics,0,0,,,[],,1,True,2023-10-13T17:09:04.934495,"Saturday, October 14, 2023, at 12:42:45 AM",GROOM-DOGS-NOT-KIDS,True,1772x7m,,srnxw3mu
2cneq,,False,,[],,,richtext,0,89f43cca-8e72-11e6-abff-0e45482b2aab,,[],False,k4q8mbt,,,0,False,,True,False,1697215981.0,True,k4q6xs2,1,t2_discfh0z,,,[],False,"They froze that money and it wasn‚Äôt from the US in the first place.  We also didn‚Äôt ‚Äúspend‚Äù money on Ukraine, we sent them stockpiled equipment.  The ‚Äúmoney‚Äù we sent them was the value of said equipment.",False,,minnesota-flag,t1_k4q8mbt,False,0,"[{""a"": "":flag-mn:"", ""u"": ""https://emoji.redditmedia.com/iteujj3qoxe11_t5_2cneq/flag-mn"", ""e"": ""emoji""}, {""e"": ""text"", ""t"": "" Minnesota""}]",False,"<div class=""md""><p>They froze that money and it wasn‚Äôt from the US in the first place.  We also didn‚Äôt ‚Äúspend‚Äù money on Ukraine, we sent them stockpiled equipment.  The ‚Äúmoney‚Äù we sent them was the value of said equipment.</p>
</div>",,,,,False,False,False,{},,dark,True,/r/politics/comments/1772x7m/republicans_pretend_biden_is_soft_on_foreign/k4q8mbt/,public,False,,1697215981.0,:flag-mn: Minnesota,[],t3_1772x7m,r/politics,0,1,,,[],,1,True,2023-10-13T17:09:05.350475,"Saturday, October 14, 2023, at 12:53:01 AM",Courtjezter84,False,1772x7m,k4q6xs2,discfh0z
2cneq,,False,,[],,,text,0,,,[],False,k4q7ri2,,,0,False,,True,False,1697215669.0,True,k4q6xs2,1,t2_e2i2h9bo,,,[],False,"What the hell are you talking about lol?

That‚Äôs not what this money you‚Äôre talking about is.",False,,,t1_k4q7ri2,False,0,[],False,"<div class=""md""><p>What the hell are you talking about lol?</p>

<p>That‚Äôs not what this money you‚Äôre talking about is.</p>
</div>",,,,,False,False,False,{},,,True,/r/politics/comments/1772x7m/republicans_pretend_biden_is_soft_on_foreign/k4q7ri2/,public,False,,1697215669.0,,[],t3_1772x7m,r/politics,0,1,,,[],,1,True,2023-10-13T17:09:05.770375,"Saturday, October 14, 2023, at 12:47:49 AM",No-comment-at-all,False,1772x7m,k4q6xs2,e2i2h9bo
2cneq,,False,,[],,,text,0,,,[],False,k4q8v96,,,0,False,,True,False,1697216071.0,True,1772x7m,1,t2_72laf8gm,,,[],False,Are we sure the GOP said that? I couldn't make out the words because they were goggling on Putin's [redacted] while they spoke...,False,,,t1_k4q8v96,False,0,[],False,"<div class=""md""><p>Are we sure the GOP said that? I couldn&#39;t make out the words because they were goggling on Putin&#39;s [redacted] while they spoke...</p>
</div>",,,,,False,False,False,{},,,True,/r/politics/comments/1772x7m/republicans_pretend_biden_is_soft_on_foreign/k4q8v96/,public,False,,1697216071.0,,[],t3_1772x7m,r/politics,0,0,,,[],,1,True,2023-10-13T17:09:06.211129,"Saturday, October 14, 2023, at 12:54:31 AM",FarewellSovereignty,True,1772x7m,,72laf8gm
2cneq,,False,,[],,,richtext,0,a6b77458-8e72-11e6-a43c-0e67f38af9ed,,[],False,k4q9794,,,0,False,,True,False,1697216193.0,False,1772x7m,1,t2_55jqy2v1,,,[],False,"When in reality, Biden has been the best foreign policy president since at least Clinton. I shudder at how events would play out if Trump or W were in office.",False,,nevada-flag,t1_k4q9794,False,0,"[{""a"": "":flag-nv:"", ""u"": ""https://emoji.redditmedia.com/ppbgmkexoxe11_t5_2cneq/flag-nv"", ""e"": ""emoji""}, {""e"": ""text"", ""t"": "" Nevada""}]",False,"<div class=""md""><p>When in reality, Biden has been the best foreign policy president since at least Clinton. I shudder at how events would play out if Trump or W were in office.</p>
</div>",,,,,False,False,False,{},,dark,True,/r/politics/comments/1772x7m/republicans_pretend_biden_is_soft_on_foreign/k4q9794/,public,False,,1697216193.0,:flag-nv: Nevada,[],t3_1772x7m,r/politics,0,0,,,[],,1,True,2023-10-13T17:09:06.629829,"Saturday, October 14, 2023, at 12:56:33 AM",Caviar_Fertilizer69,True,1772x7m,,55jqy2v1
2cneq,,False,,[],,,text,0,,,[],False,k4q9rmm,,,0,False,,True,False,1697216397.0,True,k4q9794,1,t2_knjtgl45r,,,[],False,"The world is in shambles. Yeah, Biden is really killing it.",False,,,t1_k4q9rmm,False,0,[],False,"<div class=""md""><p>The world is in shambles. Yeah, Biden is really killing it.</p>
</div>",,,,,False,False,False,{},,,True,/r/politics/comments/1772x7m/republicans_pretend_biden_is_soft_on_foreign/k4q9rmm/,public,False,,1697216397.0,,[],t3_1772x7m,r/politics,0,1,,,[],,1,True,2023-10-13T17:09:07.058509,"Saturday, October 14, 2023, at 12:59:57 AM",Imhereforthelaughs1,False,1772x7m,k4q9794,knjtgl45r
2cneq,,False,,[],,,text,0,,,[],False,k4qa3gw,,,0,False,,True,False,1697216518.0,True,k4q9794,1,t2_fvbeg5wld,,,[],False,Haha delusional. 2 full blown proxy wars. Keep yammering on about how awesome our economy is too while grandma spends $900 on 4 TV dinners.,False,,,t1_k4qa3gw,False,0,[],False,"<div class=""md""><p>Haha delusional. 2 full blown proxy wars. Keep yammering on about how awesome our economy is too while grandma spends $900 on 4 TV dinners.</p>
</div>",,,,,False,False,False,{},,,True,/r/politics/comments/1772x7m/republicans_pretend_biden_is_soft_on_foreign/k4qa3gw/,public,False,,1697216518.0,,[],t3_1772x7m,r/politics,0,1,,,[],,1,True,2023-10-13T17:09:07.482278,"Saturday, October 14, 2023, at 01:01:58 AM",Rollerbladinfool,False,1772x7m,k4q9794,fvbeg5wld
2cneq,,False,,[],,,text,0,,,[],False,k4qa28t,,,0,False,,True,False,1697216505.0,True,1772x7m,1,t2_7ki0hsyq,,,[],False,Can we at least get a candidate that doesn't have two white first names as their full name?,False,,,t1_k4qa28t,False,0,[],False,"<div class=""md""><p>Can we at least get a candidate that doesn&#39;t have two white first names as their full name?</p>
</div>",,,,,False,False,False,{},,,True,/r/politics/comments/1772x7m/republicans_pretend_biden_is_soft_on_foreign/k4qa28t/,public,False,,1697216505.0,,[],t3_1772x7m,r/politics,0,0,,,[],,1,True,2023-10-13T17:09:07.904730,"Saturday, October 14, 2023, at 01:01:45 AM",Spare_Substance5003,True,1772x7m,,7ki0hsyq
2cneq,,False,,[],,,text,0,,,[],False,k4qai70,,,0,False,,True,False,1697216668.0,True,1772x7m,1,t2_ve0re4yr,,,[],False,"The Media will help them. Their own voters believe anything they tell them, and the ""Independents"" will believe the Media.",False,,,t1_k4qai70,False,0,[],False,"<div class=""md""><p>The Media will help them. Their own voters believe anything they tell them, and the &quot;Independents&quot; will believe the Media.</p>
</div>",,,,,False,False,False,{},,,True,/r/politics/comments/1772x7m/republicans_pretend_biden_is_soft_on_foreign/k4qai70/,public,False,,1697216668.0,,[],t3_1772x7m,r/politics,0,0,,,[],,1,True,2023-10-13T17:09:08.324260,"Saturday, October 14, 2023, at 01:04:28 AM",JubalHarshaw23,True,1772x7m,,ve0re4yr
