,author_id,author_name,post_id,post_body,post_permalink,created_utc_string,label,score,subreddit_name_prefixed
0,t2_ejx147l4,Icy-Philosopher5446,jp5073h,"Just like when he he said Florida couldn't afford to have Gillum become governor and be ""monkeying around"" with the state policies. Funny how he always seems to find racist rhetoric coming out of his mouth when talking about black people doing anything.",/r/politics/comments/14ge6iy/ron_desantis_accused_of_racism_over_remarks_about/jp5073h/,"Friday, June 23, 2023, at 04:38:33 AM",1,2212.0,r/politics
1,t2_m4nuz,AngryZen_Ingress,jp6e6p6,"WE HAVE LOST THE SUPREME COURT. It is corrupt, compromised, and complicit in the Republican attacks on Democracy.

The Federalist Society has cooked the books, bought and paid for Justices.

Resign, or impeach. 

This nation, and all those who lived and died for our country deserve so much better.",/r/politics/comments/14ggd4d/shady_and_corrupt_add_barrett_real_estate_de_al/jp6e6p6/,"Friday, June 23, 2023, at 10:58:26 AM",1,5445.0,r/politics
2,t2_v5ee3u3b,Not_BobBarker,jp5rpl6,Who would be surprised that the guy trying to erase black history is a racist?!?!,/r/politics/comments/14ge6iy/ron_desantis_accused_of_racism_over_remarks_about/jp5rpl6/,"Friday, June 23, 2023, at 07:57:00 AM",1,6156.0,r/politics
3,t2_dncm9nm0i,wrongagainlol,jp5xwxh,"It doesn’t matter, they can pass whatever they want, but it won’t get through the Senate or past Biden, the House doesn’t have the authority to do much of anything unilaterally. In other words they don’t control security clearances, they can  formally request that’s about it.",/r/politics/comments/14gh9f2/house_republicans_move_to_strip_security/jp5xwxh/,"Friday, June 23, 2023, at 08:45:16 AM",0,6645.0,r/politics
4,t2_13x5a6,sdlover420,jp5073h,"Just like when he he said Florida couldn't afford to have Gillum become governor and be ""monkeying around"" with the state policies. Funny how he always seems to find racist rhetoric coming out of his mouth when talking about black people doing anything.",/r/politics/comments/14ge6iy/ron_desantis_accused_of_racism_over_remarks_about/jp5073h/,"Friday, June 23, 2023, at 04:38:33 AM",1,2212.0,r/politics
5,t2_93hz44chb,PhoenixTineldyer,jp6e6p6,"WE HAVE LOST THE SUPREME COURT. It is corrupt, compromised, and complicit in the Republican attacks on Democracy.

The Federalist Society has cooked the books, bought and paid for Justices.

Resign, or impeach. 

This nation, and all those who lived and died for our country deserve so much better.",/r/politics/comments/14ggd4d/shady_and_corrupt_add_barrett_real_estate_de_al/jp6e6p6/,"Friday, June 23, 2023, at 10:58:26 AM",1,5445.0,r/politics
6,t2_cl8pg4njj,ZealousidCee3,jp5rpl6,Who would be surprised that the guy trying to erase black history is a racist?!?!,/r/politics/comments/14ge6iy/ron_desantis_accused_of_racism_over_remarks_about/jp5rpl6/,"Friday, June 23, 2023, at 07:57:00 AM",1,6156.0,r/politics
7,t2_9zyng,ZSCampbellcooks,jp5xwxh,"It doesn’t matter, they can pass whatever they want, but it won’t get through the Senate or past Biden, the House doesn’t have the authority to do much of anything unilaterally. In other words they don’t control security clearances, they can  formally request that’s about it.",/r/politics/comments/14gh9f2/house_republicans_move_to_strip_security/jp5xwxh/,"Friday, June 23, 2023, at 08:45:16 AM",0,6645.0,r/politics
8,t2_z6zjh,woolfchick75,jp5073h,"Just like when he he said Florida couldn't afford to have Gillum become governor and be ""monkeying around"" with the state policies. Funny how he always seems to find racist rhetoric coming out of his mouth when talking about black people doing anything.",/r/politics/comments/14ge6iy/ron_desantis_accused_of_racism_over_remarks_about/jp5073h/,"Friday, June 23, 2023, at 04:38:33 AM",1,2212.0,r/politics
9,t2_kuuvzxj8,MakingItElsewhere,jp6e6p6,"WE HAVE LOST THE SUPREME COURT. It is corrupt, compromised, and complicit in the Republican attacks on Democracy.

The Federalist Society has cooked the books, bought and paid for Justices.

Resign, or impeach. 

This nation, and all those who lived and died for our country deserve so much better.",/r/politics/comments/14ggd4d/shady_and_corrupt_add_barrett_real_estate_de_al/jp6e6p6/,"Friday, June 23, 2023, at 10:58:26 AM",1,5445.0,r/politics
10,t2_ib3rs,thevaere,jp5rpl6,Who would be surprised that the guy trying to erase black history is a racist?!?!,/r/politics/comments/14ge6iy/ron_desantis_accused_of_racism_over_remarks_about/jp5rpl6/,"Friday, June 23, 2023, at 07:57:00 AM",1,6156.0,r/politics
11,t2_3h60u,Frank_Jesus,jp5xwxh,"It doesn’t matter, they can pass whatever they want, but it won’t get through the Senate or past Biden, the House doesn’t have the authority to do much of anything unilaterally. In other words they don’t control security clearances, they can  formally request that’s about it.",/r/politics/comments/14gh9f2/house_republicans_move_to_strip_security/jp5xwxh/,"Friday, June 23, 2023, at 08:45:16 AM",0,6645.0,r/politics
12,t2_hf1u1bwk,AvsFan08,jp5073h,"Just like when he he said Florida couldn't afford to have Gillum become governor and be ""monkeying around"" with the state policies. Funny how he always seems to find racist rhetoric coming out of his mouth when talking about black people doing anything.",/r/politics/comments/14ge6iy/ron_desantis_accused_of_racism_over_remarks_about/jp5073h/,"Friday, June 23, 2023, at 04:38:33 AM",1,2212.0,r/politics
13,t2_asdup68f,Racecar22b,jp6e6p6,"WE HAVE LOST THE SUPREME COURT. It is corrupt, compromised, and complicit in the Republican attacks on Democracy.

The Federalist Society has cooked the books, bought and paid for Justices.

Resign, or impeach. 

This nation, and all those who lived and died for our country deserve so much better.",/r/politics/comments/14ggd4d/shady_and_corrupt_add_barrett_real_estate_de_al/jp6e6p6/,"Friday, June 23, 2023, at 10:58:26 AM",1,5445.0,r/politics
14,t2_dhyu2,jellyrollo,jp5rpl6,Who would be surprised that the guy trying to erase black history is a racist?!?!,/r/politics/comments/14ge6iy/ron_desantis_accused_of_racism_over_remarks_about/jp5rpl6/,"Friday, June 23, 2023, at 07:57:00 AM",1,6156.0,r/politics
15,t2_tnnlupdt,mods_on_meds,jp5xwxh,"It doesn’t matter, they can pass whatever they want, but it won’t get through the Senate or past Biden, the House doesn’t have the authority to do much of anything unilaterally. In other words they don’t control security clearances, they can  formally request that’s about it.",/r/politics/comments/14gh9f2/house_republicans_move_to_strip_security/jp5xwxh/,"Friday, June 23, 2023, at 08:45:16 AM",0,6645.0,r/politics
16,t2_4b0z1,marji80,jp5073h,"Just like when he he said Florida couldn't afford to have Gillum become governor and be ""monkeying around"" with the state policies. Funny how he always seems to find racist rhetoric coming out of his mouth when talking about black people doing anything.",/r/politics/comments/14ge6iy/ron_desantis_accused_of_racism_over_remarks_about/jp5073h/,"Friday, June 23, 2023, at 04:38:33 AM",1,2212.0,r/politics
17,t2_79dsd,nucumber,jp6e6p6,"WE HAVE LOST THE SUPREME COURT. It is corrupt, compromised, and complicit in the Republican attacks on Democracy.

The Federalist Society has cooked the books, bought and paid for Justices.

Resign, or impeach. 

This nation, and all those who lived and died for our country deserve so much better.",/r/politics/comments/14ggd4d/shady_and_corrupt_add_barrett_real_estate_de_al/jp6e6p6/,"Friday, June 23, 2023, at 10:58:26 AM",1,5445.0,r/politics
18,t2_4vpdh,Racer20,jp5rpl6,Who would be surprised that the guy trying to erase black history is a racist?!?!,/r/politics/comments/14ge6iy/ron_desantis_accused_of_racism_over_remarks_about/jp5rpl6/,"Friday, June 23, 2023, at 07:57:00 AM",1,6156.0,r/politics
19,t2_a1w10sav,IrishRogue3,jp5xwxh,"It doesn’t matter, they can pass whatever they want, but it won’t get through the Senate or past Biden, the House doesn’t have the authority to do much of anything unilaterally. In other words they don’t control security clearances, they can  formally request that’s about it.",/r/politics/comments/14gh9f2/house_republicans_move_to_strip_security/jp5xwxh/,"Friday, June 23, 2023, at 08:45:16 AM",0,6645.0,r/politics
20,t2_823dcrm0,Few_Professional6210,jp5073h,"Just like when he he said Florida couldn't afford to have Gillum become governor and be ""monkeying around"" with the state policies. Funny how he always seems to find racist rhetoric coming out of his mouth when talking about black people doing anything.",/r/politics/comments/14ge6iy/ron_desantis_accused_of_racism_over_remarks_about/jp5073h/,"Friday, June 23, 2023, at 04:38:33 AM",1,2212.0,r/politics
21,t2_40xzd,smsmkiwi,jp6e6p6,"WE HAVE LOST THE SUPREME COURT. It is corrupt, compromised, and complicit in the Republican attacks on Democracy.

The Federalist Society has cooked the books, bought and paid for Justices.

Resign, or impeach. 

This nation, and all those who lived and died for our country deserve so much better.",/r/politics/comments/14ggd4d/shady_and_corrupt_add_barrett_real_estate_de_al/jp6e6p6/,"Friday, June 23, 2023, at 10:58:26 AM",1,5445.0,r/politics
22,t2_6n5mjd3f,Inside-Palpitation25,jp5rpl6,Who would be surprised that the guy trying to erase black history is a racist?!?!,/r/politics/comments/14ge6iy/ron_desantis_accused_of_racism_over_remarks_about/jp5rpl6/,"Friday, June 23, 2023, at 07:57:00 AM",1,6156.0,r/politics
23,t2_1bxumi8,BadAtExisting,jp5xwxh,"It doesn’t matter, they can pass whatever they want, but it won’t get through the Senate or past Biden, the House doesn’t have the authority to do much of anything unilaterally. In other words they don’t control security clearances, they can  formally request that’s about it.",/r/politics/comments/14gh9f2/house_republicans_move_to_strip_security/jp5xwxh/,"Friday, June 23, 2023, at 08:45:16 AM",0,6645.0,r/politics
24,t2_9mul5r230,DrakeFromGrapeFarm,jp5073h,"Just like when he he said Florida couldn't afford to have Gillum become governor and be ""monkeying around"" with the state policies. Funny how he always seems to find racist rhetoric coming out of his mouth when talking about black people doing anything.",/r/politics/comments/14ge6iy/ron_desantis_accused_of_racism_over_remarks_about/jp5073h/,"Friday, June 23, 2023, at 04:38:33 AM",1,2212.0,r/politics
25,t2_1sj4kvy9,nflxtothemoon,jp6e6p6,"WE HAVE LOST THE SUPREME COURT. It is corrupt, compromised, and complicit in the Republican attacks on Democracy.

The Federalist Society has cooked the books, bought and paid for Justices.

Resign, or impeach. 

This nation, and all those who lived and died for our country deserve so much better.",/r/politics/comments/14ggd4d/shady_and_corrupt_add_barrett_real_estate_de_al/jp6e6p6/,"Friday, June 23, 2023, at 10:58:26 AM",1,5445.0,r/politics
26,t2_9b70ddf7,75839002,jp5rpl6,Who would be surprised that the guy trying to erase black history is a racist?!?!,/r/politics/comments/14ge6iy/ron_desantis_accused_of_racism_over_remarks_about/jp5rpl6/,"Friday, June 23, 2023, at 07:57:00 AM",1,6156.0,r/politics
27,t2_99alx,captaincanada84,jp5xwxh,"It doesn’t matter, they can pass whatever they want, but it won’t get through the Senate or past Biden, the House doesn’t have the authority to do much of anything unilaterally. In other words they don’t control security clearances, they can  formally request that’s about it.",/r/politics/comments/14gh9f2/house_republicans_move_to_strip_security/jp5xwxh/,"Friday, June 23, 2023, at 08:45:16 AM",0,6645.0,r/politics
28,t2_dncm9nm0i,wrongagainlol,jp5073h,"Just like when he he said Florida couldn't afford to have Gillum become governor and be ""monkeying around"" with the state policies. Funny how he always seems to find racist rhetoric coming out of his mouth when talking about black people doing anything.",/r/politics/comments/14ge6iy/ron_desantis_accused_of_racism_over_remarks_about/jp5073h/,"Friday, June 23, 2023, at 04:38:33 AM",1,2212.0,r/politics
29,t2_11cidq,routerg0d,jp6e6p6,"WE HAVE LOST THE SUPREME COURT. It is corrupt, compromised, and complicit in the Republican attacks on Democracy.

The Federalist Society has cooked the books, bought and paid for Justices.

Resign, or impeach. 

This nation, and all those who lived and died for our country deserve so much better.",/r/politics/comments/14ggd4d/shady_and_corrupt_add_barrett_real_estate_de_al/jp6e6p6/,"Friday, June 23, 2023, at 10:58:26 AM",1,5445.0,r/politics
30,t2_78lv1,FriendlyDespot,jp5rpl6,Who would be surprised that the guy trying to erase black history is a racist?!?!,/r/politics/comments/14ge6iy/ron_desantis_accused_of_racism_over_remarks_about/jp5rpl6/,"Friday, June 23, 2023, at 07:57:00 AM",1,6156.0,r/politics
31,t2_8yjgp9mpa,8Martinez-958,jp5xwxh,"It doesn’t matter, they can pass whatever they want, but it won’t get through the Senate or past Biden, the House doesn’t have the authority to do much of anything unilaterally. In other words they don’t control security clearances, they can  formally request that’s about it.",/r/politics/comments/14gh9f2/house_republicans_move_to_strip_security/jp5xwxh/,"Friday, June 23, 2023, at 08:45:16 AM",0,6645.0,r/politics
32,t2_8d9exb9,tombaba,jp5073h,"Just like when he he said Florida couldn't afford to have Gillum become governor and be ""monkeying around"" with the state policies. Funny how he always seems to find racist rhetoric coming out of his mouth when talking about black people doing anything.",/r/politics/comments/14ge6iy/ron_desantis_accused_of_racism_over_remarks_about/jp5073h/,"Friday, June 23, 2023, at 04:38:33 AM",1,2212.0,r/politics
33,t2_4t5paxn3,rexspook,jp6e6p6,"WE HAVE LOST THE SUPREME COURT. It is corrupt, compromised, and complicit in the Republican attacks on Democracy.

The Federalist Society has cooked the books, bought and paid for Justices.

Resign, or impeach. 

This nation, and all those who lived and died for our country deserve so much better.",/r/politics/comments/14ggd4d/shady_and_corrupt_add_barrett_real_estate_de_al/jp6e6p6/,"Friday, June 23, 2023, at 10:58:26 AM",1,5445.0,r/politics
34,t2_bzt7r4m3,ProfessorTicklebutts,jp5rpl6,Who would be surprised that the guy trying to erase black history is a racist?!?!,/r/politics/comments/14ge6iy/ron_desantis_accused_of_racism_over_remarks_about/jp5rpl6/,"Friday, June 23, 2023, at 07:57:00 AM",1,6156.0,r/politics
35,t2_16ba0nmc,Demonakat,jp5xwxh,"It doesn’t matter, they can pass whatever they want, but it won’t get through the Senate or past Biden, the House doesn’t have the authority to do much of anything unilaterally. In other words they don’t control security clearances, they can  formally request that’s about it.",/r/politics/comments/14gh9f2/house_republicans_move_to_strip_security/jp5xwxh/,"Friday, June 23, 2023, at 08:45:16 AM",0,6645.0,r/politics
36,t2_x1sbi,aaapril261992,jp5073h,"Just like when he he said Florida couldn't afford to have Gillum become governor and be ""monkeying around"" with the state policies. Funny how he always seems to find racist rhetoric coming out of his mouth when talking about black people doing anything.",/r/politics/comments/14ge6iy/ron_desantis_accused_of_racism_over_remarks_about/jp5073h/,"Friday, June 23, 2023, at 04:38:33 AM",1,2212.0,r/politics
37,t2_y65o9a3,xKrossCx,jp6e6p6,"WE HAVE LOST THE SUPREME COURT. It is corrupt, compromised, and complicit in the Republican attacks on Democracy.

The Federalist Society has cooked the books, bought and paid for Justices.

Resign, or impeach. 

This nation, and all those who lived and died for our country deserve so much better.",/r/politics/comments/14ggd4d/shady_and_corrupt_add_barrett_real_estate_de_al/jp6e6p6/,"Friday, June 23, 2023, at 10:58:26 AM",1,5445.0,r/politics
38,t2_12c7ezlu,xeroxzero,jp5rpl6,Who would be surprised that the guy trying to erase black history is a racist?!?!,/r/politics/comments/14ge6iy/ron_desantis_accused_of_racism_over_remarks_about/jp5rpl6/,"Friday, June 23, 2023, at 07:57:00 AM",1,6156.0,r/politics
39,t2_pey8n,shrekerecker97,jp5xwxh,"It doesn’t matter, they can pass whatever they want, but it won’t get through the Senate or past Biden, the House doesn’t have the authority to do much of anything unilaterally. In other words they don’t control security clearances, they can  formally request that’s about it.",/r/politics/comments/14gh9f2/house_republicans_move_to_strip_security/jp5xwxh/,"Friday, June 23, 2023, at 08:45:16 AM",0,6645.0,r/politics
40,t2_m6lot,somabeach,jp5073h,"Just like when he he said Florida couldn't afford to have Gillum become governor and be ""monkeying around"" with the state policies. Funny how he always seems to find racist rhetoric coming out of his mouth when talking about black people doing anything.",/r/politics/comments/14ge6iy/ron_desantis_accused_of_racism_over_remarks_about/jp5073h/,"Friday, June 23, 2023, at 04:38:33 AM",1,2212.0,r/politics
41,t2_11cidq,routerg0d,jp6e6p6,"WE HAVE LOST THE SUPREME COURT. It is corrupt, compromised, and complicit in the Republican attacks on Democracy.

The Federalist Society has cooked the books, bought and paid for Justices.

Resign, or impeach. 

This nation, and all those who lived and died for our country deserve so much better.",/r/politics/comments/14ggd4d/shady_and_corrupt_add_barrett_real_estate_de_al/jp6e6p6/,"Friday, June 23, 2023, at 10:58:26 AM",1,5445.0,r/politics
42,t2_asdup68f,Racecar22b,jp5rpl6,Who would be surprised that the guy trying to erase black history is a racist?!?!,/r/politics/comments/14ge6iy/ron_desantis_accused_of_racism_over_remarks_about/jp5rpl6/,"Friday, June 23, 2023, at 07:57:00 AM",1,6156.0,r/politics
43,t2_ammro,onioning,jp5xwxh,"It doesn’t matter, they can pass whatever they want, but it won’t get through the Senate or past Biden, the House doesn’t have the authority to do much of anything unilaterally. In other words they don’t control security clearances, they can  formally request that’s about it.",/r/politics/comments/14gh9f2/house_republicans_move_to_strip_security/jp5xwxh/,"Friday, June 23, 2023, at 08:45:16 AM",0,6645.0,r/politics
44,t2_6hbwo,Minus67,jp5073h,"Just like when he he said Florida couldn't afford to have Gillum become governor and be ""monkeying around"" with the state policies. Funny how he always seems to find racist rhetoric coming out of his mouth when talking about black people doing anything.",/r/politics/comments/14ge6iy/ron_desantis_accused_of_racism_over_remarks_about/jp5073h/,"Friday, June 23, 2023, at 04:38:33 AM",1,2212.0,r/politics
45,t2_vz3nzey6,RitzyDeer,jp6e6p6,"WE HAVE LOST THE SUPREME COURT. It is corrupt, compromised, and complicit in the Republican attacks on Democracy.

The Federalist Society has cooked the books, bought and paid for Justices.

Resign, or impeach. 

This nation, and all those who lived and died for our country deserve so much better.",/r/politics/comments/14ggd4d/shady_and_corrupt_add_barrett_real_estate_de_al/jp6e6p6/,"Friday, June 23, 2023, at 10:58:26 AM",1,5445.0,r/politics
46,t2_5o5n2e3w,Bandit1961,jp5rpl6,Who would be surprised that the guy trying to erase black history is a racist?!?!,/r/politics/comments/14ge6iy/ron_desantis_accused_of_racism_over_remarks_about/jp5rpl6/,"Friday, June 23, 2023, at 07:57:00 AM",1,6156.0,r/politics
47,t2_16oixls5,HMDavidXIII,jp5xwxh,"It doesn’t matter, they can pass whatever they want, but it won’t get through the Senate or past Biden, the House doesn’t have the authority to do much of anything unilaterally. In other words they don’t control security clearances, they can  formally request that’s about it.",/r/politics/comments/14gh9f2/house_republicans_move_to_strip_security/jp5xwxh/,"Friday, June 23, 2023, at 08:45:16 AM",0,6645.0,r/politics
48,t2_6s8gm,Stooven,jp5073h,"Just like when he he said Florida couldn't afford to have Gillum become governor and be ""monkeying around"" with the state policies. Funny how he always seems to find racist rhetoric coming out of his mouth when talking about black people doing anything.",/r/politics/comments/14ge6iy/ron_desantis_accused_of_racism_over_remarks_about/jp5073h/,"Friday, June 23, 2023, at 04:38:33 AM",1,2212.0,r/politics
49,t2_7zusaaiu,Cool-Presentation538,jp6e6p6,"WE HAVE LOST THE SUPREME COURT. It is corrupt, compromised, and complicit in the Republican attacks on Democracy.

The Federalist Society has cooked the books, bought and paid for Justices.

Resign, or impeach. 

This nation, and all those who lived and died for our country deserve so much better.",/r/politics/comments/14ggd4d/shady_and_corrupt_add_barrett_real_estate_de_al/jp6e6p6/,"Friday, June 23, 2023, at 10:58:26 AM",1,5445.0,r/politics
